x,y,pixel_x,pixel_y
367.2749691738594,0.005128205128205128,17.0,1355.0
367.57090012330457,0.005494505494505495,18.0,1354.5
367.8668310727497,0.005494505494505495,19.0,1354.5
368.16276202219484,0.005494505494505495,20.0,1354.5
368.45869297163995,0.005494505494505495,21.0,1354.5
368.75462392108506,0.005494505494505495,22.0,1354.5
369.0505548705302,0.005860805860805861,23.0,1354.0
369.3464858199753,0.005860805860805861,24.0,1354.0
369.6424167694205,0.005860805860805861,25.0,1354.0
369.9383477188656,0.005860805860805861,26.0,1354.0
370.2342786683107,0.005860805860805861,27.0,1354.0
370.5302096177559,0.0062271062271062275,28.0,1353.5
370.826140567201,0.0062271062271062275,29.0,1353.5
371.1220715166461,0.0062271062271062275,30.0,1353.5
371.41800246609125,0.0062271062271062275,31.0,1353.5
371.71393341553636,0.006593406593406593,32.0,1353.0
372.0098643649815,0.006593406593406593,33.0,1353.0
372.30579531442663,0.006593406593406593,34.0,1353.0
372.60172626387174,0.006593406593406593,35.0,1353.0
372.8976572133169,0.00695970695970696,36.0,1352.5
373.193588162762,0.00695970695970696,37.0,1352.5
373.4895191122072,0.00695970695970696,38.0,1352.5
373.7854500616523,0.007326007326007326,39.0,1352.0
374.0813810110974,0.007326007326007326,40.0,1352.0
374.37731196054256,0.007326007326007326,41.0,1352.0
374.67324290998766,0.007692307692307693,42.0,1351.5
374.9691738594328,0.007692307692307693,43.0,1351.5
375.26510480887794,0.007692307692307693,44.0,1351.5
375.56103575832304,0.00805860805860806,45.0,1351.0
375.8569667077682,0.00805860805860806,46.0,1351.0
376.1528976572133,0.00805860805860806,47.0,1351.0
376.4488286066584,0.008424908424908424,48.0,1350.5
376.7447595561036,0.008424908424908424,49.0,1350.5
377.0406905055487,0.008424908424908424,50.0,1350.5
377.33662145499386,0.008791208791208791,51.0,1350.0
377.63255240443897,0.008791208791208791,52.0,1350.0
377.9284833538841,0.009157509157509158,53.0,1349.5
378.22441430332924,0.009157509157509158,54.0,1349.5
378.52034525277435,0.010256410256410256,55.0,1348.0
378.81627620221946,0.010256410256410256,56.0,1348.0
379.1122071516646,0.010622710622710623,57.0,1347.5
379.4081381011097,0.01098901098901099,58.0,1347.0
379.7040690505549,0.01098901098901099,59.0,1347.0
380.0,0.011721611721611722,60.0,1346.0
380.2959309494451,0.011721611721611722,61.0,1346.0
380.5918618988903,0.012454212454212455,62.0,1345.0
380.8877928483354,0.012454212454212455,63.0,1345.0
381.18372379778054,0.013186813186813187,64.0,1344.0
381.47965474722565,0.013553113553113554,65.0,1343.5
381.77558569667076,0.01391941391941392,66.0,1343.0
382.0715166461159,0.014285714285714285,67.0,1342.5
382.36744759556103,0.014652014652014652,68.0,1342.0
382.66337854500614,0.015018315018315019,69.0,1341.5
382.9593094944513,0.015384615384615385,70.0,1341.0
383.2552404438964,0.01575091575091575,71.0,1340.5
383.5511713933416,0.01611721611721612,72.0,1340.0
383.8471023427867,0.016483516483516484,73.0,1339.5
384.1430332922318,0.017216117216117217,74.0,1338.5
384.43896424167696,0.017582417582417582,75.0,1338.0
384.73489519112206,0.017948717948717947,76.0,1337.5
385.0308261405672,0.01868131868131868,77.0,1336.5
385.32675709001234,0.01868131868131868,78.0,1336.5
385.62268803945744,0.019413919413919414,79.0,1335.5
385.9186189889026,0.020146520146520148,80.0,1334.5
386.2145499383477,0.020146520146520148,81.0,1334.5
386.5104808877928,0.020879120879120878,82.0,1333.5
386.806411837238,0.021245421245421246,83.0,1333.0
387.1023427866831,0.02161172161172161,84.0,1332.5
387.39827373612826,0.022344322344322345,85.0,1331.5
387.69420468557337,0.02271062271062271,86.0,1331.0
387.9901356350185,0.023443223443223443,87.0,1330.0
388.28606658446364,0.024175824175824177,88.0,1329.0
388.58199753390875,0.02454212454212454,89.0,1328.5
388.8779284833539,0.02490842490842491,90.0,1328.0
389.173859432799,0.02564102564102564,91.0,1327.0
389.4697903822441,0.026373626373626374,92.0,1326.0
389.7657213316893,0.026373626373626374,93.0,1326.0
390.0616522811344,0.027106227106227107,94.0,1325.0
390.3575832305795,0.02783882783882784,95.0,1324.0
390.6535141800247,0.02857142857142857,96.0,1323.0
390.9494451294698,0.02893772893772894,97.0,1322.5
391.24537607891494,0.029304029304029304,98.0,1322.0
391.54130702836005,0.030402930402930402,99.0,1320.5
391.83723797780516,0.03076923076923077,100.0,1320.0
392.1331689272503,0.0315018315018315,101.0,1319.0
392.42909987669543,0.03223443223443224,102.0,1318.0
392.7250308261406,0.0326007326007326,103.0,1317.5
393.0209617755857,0.03333333333333333,104.0,1316.5
393.3168927250308,0.03406593406593406,105.0,1315.5
393.612823674476,0.0347985347985348,106.0,1314.5
393.9087546239211,0.03553113553113553,107.0,1313.5
394.2046855733662,0.03626373626373627,108.0,1312.5
394.50061652281136,0.036996336996337,109.0,1311.5
394.79654747225646,0.03772893772893773,110.0,1310.5
395.0924784217016,0.0380952380952381,111.0,1310.0
395.38840937114674,0.03882783882783883,112.0,1309.0
395.68434032059184,0.03956043956043956,113.0,1308.0
395.980271270037,0.040293040293040296,114.0,1307.0
396.2762022194821,0.041025641025641026,115.0,1306.0
396.5721331689273,0.041758241758241756,116.0,1305.0
396.8680641183724,0.04249084249084249,117.0,1304.0
397.1639950678175,0.04322344322344322,118.0,1303.0
397.45992601726266,0.04395604395604396,119.0,1302.0
397.75585696670777,0.04468864468864469,120.0,1301.0
398.0517879161529,0.04542124542124542,121.0,1300.0
398.34771886559804,0.046153846153846156,122.0,1299.0
398.64364981504315,0.046886446886446886,123.0,1298.0
398.9395807644883,0.04798534798534799,124.0,1296.5
399.2355117139334,0.04871794871794872,125.0,1295.5
399.5314426633785,0.04945054945054945,126.0,1294.5
399.8273736128237,0.050183150183150185,127.0,1293.5
400.1233045622688,0.050915750915750915,128.0,1292.5
400.4192355117139,0.051648351648351645,129.0,1291.5
400.7151664611591,0.05311355311355311,130.0,1289.5
401.0110974106042,0.05384615384615385,131.0,1288.5
401.30702836004934,0.05457875457875458,132.0,1287.5
401.60295930949445,0.05531135531135531,133.0,1286.5
401.89889025893956,0.056043956043956046,134.0,1285.5
402.1948212083847,0.05714285714285714,135.0,1284.0
402.49075215782983,0.05787545787545788,136.0,1283.0
402.78668310727494,0.05860805860805861,137.0,1282.0
403.0826140567201,0.05970695970695971,138.0,1280.5
403.3785450061652,0.06043956043956044,139.0,1279.5
403.6744759556104,0.06153846153846154,140.0,1278.0
403.9704069050555,0.06227106227106227,141.0,1277.0
404.2663378545006,0.063003663003663,142.0,1276.0
404.56226880394576,0.06446886446886448,143.0,1274.0
404.85819975339086,0.0652014652014652,144.0,1273.0
405.154130702836,0.06593406593406594,145.0,1272.0
405.45006165228114,0.06666666666666667,146.0,1271.0
405.74599260172624,0.06813186813186813,147.0,1269.0
406.0419235511714,0.06886446886446887,148.0,1268.0
406.3378545006165,0.0695970695970696,149.0,1267.0
406.6337854500616,0.0706959706959707,150.0,1265.5
406.9297163995068,0.07142857142857142,151.0,1264.5
407.2256473489519,0.07252747252747253,152.0,1263.0
407.52157829839706,0.07362637362637363,153.0,1261.5
407.81750924784217,0.07435897435897436,154.0,1260.5
408.1134401972873,0.07582417582417582,155.0,1258.5
408.40937114673244,0.07692307692307693,156.0,1257.0
408.70530209617755,0.07728937728937729,157.0,1256.5
409.0012330456227,0.07875457875457875,158.0,1254.5
409.2971639950678,0.07948717948717948,159.0,1253.5
409.5930949445129,0.08021978021978023,160.0,1252.5
409.8890258939581,0.08131868131868132,161.0,1251.0
410.1849568434032,0.08278388278388278,162.0,1249.0
410.4808877928483,0.08351648351648351,163.0,1248.0
410.7768187422935,0.08461538461538462,164.0,1246.5
411.0727496917386,0.08571428571428572,165.0,1245.0
411.36868064118374,0.08681318681318681,166.0,1243.5
411.66461159062885,0.08754578754578754,167.0,1242.5
411.96054254007396,0.08864468864468865,168.0,1241.0
412.2564734895191,0.08974358974358974,169.0,1239.5
412.55240443896423,0.09084249084249084,170.0,1238.0
412.8483353884094,0.09157509157509157,171.0,1237.0
413.1442663378545,0.09340659340659341,172.0,1234.5
413.4401972872996,0.09377289377289377,173.0,1234.0
413.7361282367448,0.09523809523809523,174.0,1232.0
414.0320591861899,0.09597069597069598,175.0,1231.0
414.327990135635,0.09743589743589744,176.0,1229.0
414.62392108508016,0.09816849816849817,177.0,1228.0
414.91985203452526,0.0989010989010989,178.0,1227.0
415.2157829839704,0.10036630036630037,179.0,1225.0
415.51171393341554,0.1010989010989011,180.0,1224.0
415.80764488286064,0.10256410256410256,181.0,1222.0
416.1035758323058,0.10329670329670329,182.0,1221.0
416.3995067817509,0.10402930402930403,183.0,1220.0
416.6954377311961,0.1054945054945055,184.0,1218.0
416.9913686806412,0.10622710622710622,185.0,1217.0
417.2872996300863,0.1076923076923077,186.0,1215.0
417.58323057953146,0.10842490842490843,187.0,1214.0
417.87916152897657,0.10989010989010989,188.0,1212.0
418.1750924784217,0.11062271062271062,189.0,1211.0
418.47102342786684,0.11208791208791209,190.0,1209.0
418.76695437731195,0.11282051282051282,191.0,1208.0
419.0628853267571,0.11428571428571428,192.0,1206.0
419.3588162762022,0.11501831501831501,193.0,1205.0
419.6547472256473,0.11684981684981685,194.0,1202.5
419.9506781750925,0.11721611721611722,195.0,1202.0
420.2466091245376,0.11831501831501831,196.0,1200.5
420.54254007398276,0.11941391941391942,197.0,1199.0
420.83847102342787,0.12014652014652015,198.0,1198.0
421.134401972873,0.12161172161172161,199.0,1196.0
421.43033292231814,0.12234432234432234,200.0,1195.0
421.72626387176325,0.12380952380952381,201.0,1193.0
422.02219482120836,0.12454212454212454,202.0,1192.0
422.3181257706535,0.12564102564102564,203.0,1190.5
422.61405672009863,0.12673992673992673,204.0,1189.0
422.9099876695438,0.12747252747252746,205.0,1188.0
423.2059186189889,0.12893772893772895,206.0,1186.0
423.501849568434,0.12967032967032968,207.0,1185.0
423.7977805178792,0.13076923076923078,208.0,1183.5
424.0937114673243,0.13186813186813187,209.0,1182.0
424.38964241676945,0.13296703296703297,210.0,1180.5
424.68557336621456,0.13406593406593406,211.0,1179.0
424.98150431565966,0.1347985347985348,212.0,1178.0
425.2774352651048,0.1358974358974359,213.0,1176.5
425.57336621454994,0.136996336996337,214.0,1175.0
425.86929716399504,0.1380952380952381,215.0,1173.5
426.1652281134402,0.13882783882783883,216.0,1172.5
426.4611590628853,0.13956043956043956,217.0,1171.5
426.7570900123305,0.14065934065934066,218.0,1170.0
427.0530209617756,0.14175824175824175,219.0,1168.5
427.3489519112207,0.14285714285714285,220.0,1167.0
427.64488286066586,0.14358974358974358,221.0,1166.0
427.94081381011097,0.1446886446886447,222.0,1164.5
428.23674475955613,0.1457875457875458,223.0,1163.0
428.53267570900124,0.14652014652014653,224.0,1162.0
428.82860665844635,0.14725274725274726,225.0,1161.0
429.1245376078915,0.14835164835164835,226.0,1159.5
429.4204685573366,0.14871794871794872,227.0,1159.0
429.7163995067817,0.14835164835164835,228.0,1159.5
430.0123304562269,0.14835164835164835,229.0,1159.5
430.308261405672,0.14871794871794872,230.0,1159.0
430.60419235511716,0.14871794871794872,231.0,1159.0
430.90012330456227,0.14908424908424908,232.0,1158.5
431.1960542540074,0.14945054945054945,233.0,1158.0
431.49198520345254,0.14945054945054945,234.0,1158.0
432.0838471023428,0.163003663003663,236.0,1139.5
432.3797780517879,0.16336996336996337,237.0,1139.0
432.67570900123303,0.16373626373626374,238.0,1138.5
432.9716399506782,0.16373626373626374,239.0,1138.5
433.2675709001233,0.16373626373626374,240.0,1138.5
433.5635018495684,0.16373626373626374,241.0,1138.5
433.8594327990136,0.16336996336996337,242.0,1139.0
434.1553637484587,0.16336996336996337,243.0,1139.0
434.4512946979038,0.16336996336996337,244.0,1139.0
434.74722564734896,0.1641025641025641,245.0,1138.0
435.04315659679406,0.16483516483516483,246.0,1137.0
435.3390875462392,0.16556776556776556,247.0,1136.0
435.63501849568433,0.1663003663003663,248.0,1135.0
435.9309494451295,0.16703296703296702,249.0,1134.0
436.2268803945746,0.16776556776556775,250.0,1133.0
436.5228113440197,0.16813186813186815,251.0,1132.5
436.8187422934649,0.16886446886446888,252.0,1131.5
437.11467324291,0.1695970695970696,253.0,1130.5
437.4106041923551,0.16996336996336997,254.0,1130.0
437.70653514180026,0.17106227106227107,255.0,1128.5
438.00246609124537,0.17142857142857143,256.0,1128.0
438.2983970406905,0.17216117216117216,257.0,1127.0
438.59432799013564,0.1728937728937729,258.0,1126.0
438.89025893958075,0.17362637362637362,259.0,1125.0
439.1861898890259,0.17362637362637362,260.0,1125.0
439.482120838471,0.17435897435897435,261.0,1124.0
439.7780517879162,0.17509157509157508,262.0,1123.0
440.0739827373613,0.17582417582417584,263.0,1122.0
440.3699136868064,0.1761904761904762,264.0,1121.5
440.66584463625156,0.17655677655677657,265.0,1121.0
440.96177558569667,0.17692307692307693,266.0,1120.5
441.2577065351418,0.17765567765567766,267.0,1119.5
441.55363748458694,0.1783882783882784,268.0,1118.5
441.84956843403205,0.1783882783882784,269.0,1118.5
442.14549938347716,0.17912087912087912,270.0,1117.5
442.4414303329223,0.1794871794871795,271.0,1117.0
442.73736128236743,0.17985347985347985,272.0,1116.5
443.0332922318126,0.18058608058608058,273.0,1115.5
443.3292231812577,0.18058608058608058,274.0,1115.5
443.62515413070287,0.1813186813186813,275.0,1114.5
443.921085080148,0.18168498168498168,276.0,1114.0
444.2170160295931,0.18205128205128204,277.0,1113.5
444.51294697903825,0.1824175824175824,278.0,1113.0
444.80887792848335,0.1824175824175824,279.0,1113.0
445.10480887792846,0.18315018315018314,280.0,1112.0
445.4007398273736,0.1835164835164835,281.0,1111.5
445.69667077681873,0.1838827838827839,282.0,1111.0
445.99260172626384,0.1838827838827839,283.0,1111.0
446.288532675709,0.18461538461538463,284.0,1110.0
446.5844636251541,0.18461538461538463,285.0,1110.0
446.8803945745993,0.184981684981685,286.0,1109.5
447.1763255240444,0.18534798534798536,287.0,1109.0
447.47225647348955,0.18534798534798536,288.0,1109.0
447.76818742293466,0.18571428571428572,289.0,1108.5
448.06411837237977,0.18608058608058609,290.0,1108.0
448.36004932182493,0.18608058608058609,291.0,1108.0
448.65598027127004,0.18644688644688645,292.0,1107.5
448.95191122071515,0.18644688644688645,293.0,1107.5
449.2478421701603,0.18681318681318682,294.0,1107.0
449.5437731196054,0.18717948717948718,295.0,1106.5
449.8397040690505,0.18717948717948718,296.0,1106.5
450.1356350184957,0.18717948717948718,297.0,1106.5
450.4315659679408,0.18754578754578755,298.0,1106.0
450.72749691738596,0.1879120879120879,299.0,1105.5
451.02342786683107,0.1879120879120879,300.0,1105.5
451.31935881627624,0.1879120879120879,301.0,1105.5
451.61528976572134,0.18827838827838828,302.0,1105.0
451.91122071516645,0.18864468864468864,303.0,1104.5
452.2071516646116,0.189010989010989,304.0,1104.0
452.5030826140567,0.189010989010989,305.0,1104.0
452.79901356350183,0.189010989010989,306.0,1104.0
453.094944512947,0.189010989010989,307.0,1104.0
453.3908754623921,0.189010989010989,308.0,1104.0
453.6868064118372,0.189010989010989,309.0,1104.0
453.9827373612824,0.18937728937728937,310.0,1103.5
454.2786683107275,0.18937728937728937,311.0,1103.5
454.57459926017265,0.18937728937728937,312.0,1103.5
454.87053020961775,0.18937728937728937,313.0,1103.5
455.1664611590629,0.18937728937728937,314.0,1103.5
455.462392108508,0.18937728937728937,315.0,1103.5
455.75832305795313,0.18937728937728937,316.0,1103.5
456.0542540073983,0.18937728937728937,317.0,1103.5
456.3501849568434,0.18937728937728937,318.0,1103.5
456.6461159062885,0.18937728937728937,319.0,1103.5
456.9420468557337,0.18937728937728937,320.0,1103.5
457.2379778051788,0.18937728937728937,321.0,1103.5
457.5339087546239,0.18937728937728937,322.0,1103.5
457.82983970406906,0.18937728937728937,323.0,1103.5
458.12577065351417,0.18937728937728937,324.0,1103.5
458.4217016029593,0.18937728937728937,325.0,1103.5
458.71763255240444,0.18937728937728937,326.0,1103.5
459.0135635018496,0.18937728937728937,327.0,1103.5
459.3094944512947,0.18937728937728937,328.0,1103.5
459.6054254007398,0.18937728937728937,329.0,1103.5
459.901356350185,0.18937728937728937,330.0,1103.5
460.1972872996301,0.18937728937728937,331.0,1103.5
460.4932182490752,0.18937728937728937,332.0,1103.5
460.78914919852036,0.18937728937728937,333.0,1103.5
461.08508014796547,0.18937728937728937,334.0,1103.5
461.3810110974106,0.18937728937728937,335.0,1103.5
461.67694204685574,0.18937728937728937,336.0,1103.5
461.97287299630085,0.18937728937728937,337.0,1103.5
462.26880394574596,0.18937728937728937,338.0,1103.5
462.5647348951911,0.189010989010989,339.0,1104.0
462.86066584463623,0.18864468864468864,340.0,1104.5
463.1565967940814,0.18864468864468864,341.0,1104.5
463.4525277435265,0.18864468864468864,342.0,1104.5
463.74845869297167,0.18864468864468864,343.0,1104.5
464.0443896424168,0.18864468864468864,344.0,1104.5
464.3403205918619,0.18864468864468864,345.0,1104.5
464.63625154130705,0.18864468864468864,346.0,1104.5
464.93218249075215,0.1879120879120879,347.0,1105.5
465.22811344019726,0.18754578754578755,348.0,1106.0
465.5240443896424,0.18717948717948718,349.0,1106.5
465.81997533908753,0.18681318681318682,350.0,1107.0
466.11590628853264,0.18644688644688645,351.0,1107.5
466.4118372379778,0.18644688644688645,352.0,1107.5
466.7077681874229,0.18644688644688645,353.0,1107.5
467.0036991368681,0.18644688644688645,354.0,1107.5
467.2996300863132,0.18644688644688645,355.0,1107.5
467.59556103575835,0.18644688644688645,356.0,1107.5
467.89149198520346,0.18644688644688645,357.0,1107.5
468.18742293464857,0.18644688644688645,358.0,1107.5
468.48335388409373,0.18644688644688645,359.0,1107.5
468.77928483353884,0.18681318681318682,360.0,1107.0
469.07521578298395,0.18754578754578755,361.0,1106.0
469.3711467324291,0.18754578754578755,362.0,1106.0
469.6670776818742,0.18754578754578755,363.0,1106.0
469.9630086313193,0.18754578754578755,364.0,1106.0
470.2589395807645,0.18754578754578755,365.0,1106.0
470.5548705302096,0.18754578754578755,366.0,1106.0
470.85080147965476,0.18717948717948718,367.0,1106.5
471.14673242909987,0.18717948717948718,368.0,1106.5
471.44266337854503,0.18717948717948718,369.0,1106.5
471.73859432799014,0.18717948717948718,370.0,1106.5
472.03452527743525,0.18717948717948718,371.0,1106.5
472.3304562268804,0.18717948717948718,372.0,1106.5
472.6263871763255,0.18717948717948718,373.0,1106.5
472.92231812577063,0.18717948717948718,374.0,1106.5
473.2182490752158,0.18717948717948718,375.0,1106.5
473.5141800246609,0.18717948717948718,376.0,1106.5
473.810110974106,0.18717948717948718,377.0,1106.5
474.1060419235512,0.18717948717948718,378.0,1106.5
474.4019728729963,0.18717948717948718,379.0,1106.5
474.69790382244145,0.18717948717948718,380.0,1106.5
474.99383477188655,0.18717948717948718,381.0,1106.5
475.2897657213317,0.18717948717948718,382.0,1106.5
475.5856966707768,0.18717948717948718,383.0,1106.5
475.88162762022193,0.18717948717948718,384.0,1106.5
476.1775585696671,0.18717948717948718,385.0,1106.5
476.4734895191122,0.18717948717948718,386.0,1106.5
476.7694204685573,0.18717948717948718,387.0,1106.5
477.0653514180025,0.18717948717948718,388.0,1106.5
477.3612823674476,0.18717948717948718,389.0,1106.5
477.6572133168927,0.18717948717948718,390.0,1106.5
477.95314426633786,0.18717948717948718,391.0,1106.5
478.24907521578297,0.18717948717948718,392.0,1106.5
478.54500616522813,0.18717948717948718,393.0,1106.5
478.84093711467324,0.18717948717948718,394.0,1106.5
479.1368680641184,0.18717948717948718,395.0,1106.5
479.4327990135635,0.18754578754578755,396.0,1106.0
479.7287299630086,0.1879120879120879,397.0,1105.5
480.0246609124538,0.1879120879120879,398.0,1105.5
480.3205918618989,0.1879120879120879,399.0,1105.5
480.616522811344,0.1879120879120879,400.0,1105.5
480.91245376078916,0.1879120879120879,401.0,1105.5
481.20838471023427,0.1879120879120879,402.0,1105.5
481.5043156596794,0.1879120879120879,403.0,1105.5
481.80024660912454,0.1879120879120879,404.0,1105.5
482.09617755856965,0.18827838827838828,405.0,1105.0
482.3921085080148,0.18864468864468864,406.0,1104.5
482.6880394574599,0.18864468864468864,407.0,1104.5
482.9839704069051,0.18864468864468864,408.0,1104.5
483.2799013563502,0.18864468864468864,409.0,1104.5
483.5758323057953,0.18864468864468864,410.0,1104.5
483.87176325524047,0.18864468864468864,411.0,1104.5
484.1676942046856,0.18864468864468864,412.0,1104.5
484.4636251541307,0.18937728937728937,413.0,1103.5
484.75955610357585,0.18937728937728937,414.0,1103.5
485.05548705302095,0.18937728937728937,415.0,1103.5
485.35141800246606,0.18937728937728937,416.0,1103.5
485.6473489519112,0.18937728937728937,417.0,1103.5
485.94327990135633,0.18937728937728937,418.0,1103.5
486.2392108508015,0.1901098901098901,419.0,1102.5
486.5351418002466,0.1901098901098901,420.0,1102.5
486.83107274969177,0.1901098901098901,421.0,1102.5
487.1270036991369,0.1901098901098901,422.0,1102.5
487.422934648582,0.19047619047619047,423.0,1102.0
487.71886559802715,0.19084249084249083,424.0,1101.5
488.01479654747226,0.19084249084249083,425.0,1101.5
488.31072749691737,0.19084249084249083,426.0,1101.5
488.60665844636253,0.19084249084249083,427.0,1101.5
488.90258939580764,0.1915750915750916,428.0,1100.5
489.19852034525275,0.1915750915750916,429.0,1100.5
489.4944512946979,0.1915750915750916,430.0,1100.5
489.790382244143,0.1915750915750916,431.0,1100.5
490.0863131935882,0.19194139194139195,432.0,1100.0
490.3822441430333,0.19230769230769232,433.0,1099.5
490.67817509247845,0.19230769230769232,434.0,1099.5
490.97410604192356,0.19230769230769232,435.0,1099.5
491.27003699136867,0.19267399267399268,436.0,1099.0
491.56596794081383,0.19304029304029305,437.0,1098.5
491.86189889025894,0.19304029304029305,438.0,1098.5
492.15782983970405,0.1934065934065934,439.0,1098.0
492.4537607891492,0.19377289377289378,440.0,1097.5
492.7496917385943,0.19377289377289378,441.0,1097.5
493.04562268803943,0.19413919413919414,442.0,1097.0
493.3415536374846,0.1945054945054945,443.0,1096.5
493.6374845869297,0.1945054945054945,444.0,1096.5
493.93341553637487,0.1945054945054945,445.0,1096.5
494.22934648582,0.19487179487179487,446.0,1096.0
494.52527743526514,0.19523809523809524,447.0,1095.5
494.82120838471025,0.1956043956043956,448.0,1095.0
495.11713933415535,0.1956043956043956,449.0,1095.0
495.4130702836005,0.19597069597069597,450.0,1094.5
495.7090012330456,0.19816849816849816,451.0,1091.5
496.00493218249073,0.19853479853479852,452.0,1091.0
496.3008631319359,0.1989010989010989,453.0,1090.5
496.596794081381,0.19926739926739928,454.0,1090.0
496.8927250308261,0.19963369963369965,455.0,1089.5
497.1886559802713,0.2,456.0,1089.0
497.4845869297164,0.20036630036630038,457.0,1088.5
497.7805178791615,0.20036630036630038,458.0,1088.5
498.07644882860666,0.20036630036630038,459.0,1088.5
498.3723797780518,0.20073260073260074,460.0,1088.0
498.66831072749693,0.20073260073260074,461.0,1088.0
498.96424167694204,0.20036630036630038,462.0,1088.5
499.2601726263872,0.20036630036630038,463.0,1088.5
499.5561035758323,0.2,464.0,1089.0
499.8520345252774,0.2001221001221002,465.0,1088.8333333333333
500.1479654747226,0.2002442002442002,466.0,1088.6666666666667
500.4438964241677,0.20036630036630038,467.0,1088.5
500.7398273736128,0.20073260073260074,468.0,1088.0
501.03575832305796,0.20073260073260074,469.0,1088.0
501.33168927250307,0.2010989010989011,470.0,1087.5
501.6276202219482,0.20146520146520147,471.0,1087.0
501.92355117139334,0.20183150183150184,472.0,1086.5
502.2194821208385,0.2021978021978022,473.0,1086.0
502.5154130702836,0.2021978021978022,474.0,1086.0
502.8113440197287,0.20256410256410257,475.0,1085.5
503.1072749691739,0.20293040293040293,476.0,1085.0
503.403205918619,0.20293040293040293,477.0,1085.0
503.6991368680641,0.20366300366300366,478.0,1084.0
503.99506781750927,0.20366300366300366,479.0,1084.0
504.2909987669544,0.20402930402930403,480.0,1083.5
504.5869297163995,0.2043956043956044,481.0,1083.0
504.88286066584465,0.2043956043956044,482.0,1083.0
505.17879161528975,0.20476190476190476,483.0,1082.5
505.47472256473486,0.20512820512820512,484.0,1082.0
505.77065351418,0.20549450549450549,485.0,1081.5
506.06658446362513,0.20586080586080585,486.0,1081.0
506.3625154130703,0.20586080586080585,487.0,1081.0
506.6584463625154,0.20622710622710622,488.0,1080.5
506.95437731196057,0.20659340659340658,489.0,1080.0
507.2503082614057,0.20695970695970695,490.0,1079.5
507.5462392108508,0.20732600732600734,491.0,1079.0
507.84217016029595,0.20732600732600734,492.0,1079.0
508.13810110974106,0.2076923076923077,493.0,1078.5
508.43403205918617,0.20805860805860807,494.0,1078.0
508.72996300863133,0.20842490842490843,495.0,1077.5
509.02589395807644,0.2087912087912088,496.0,1077.0
509.32182490752155,0.2087912087912088,497.0,1077.0
509.6177558569667,0.20952380952380953,498.0,1076.0
509.9136868064119,0.20952380952380953,499.0,1076.0
510.2096177558569,0.20952380952380953,500.0,1076.0
510.5055487053021,0.21025641025641026,501.0,1075.0
510.80147965474725,0.21025641025641026,502.0,1075.0
511.09741060419236,0.21025641025641026,503.0,1075.0
511.39334155363747,0.210989010989011,504.0,1074.0
511.68927250308263,0.210989010989011,505.0,1074.0
511.98520345252774,0.21172161172161172,506.0,1073.0
512.2811344019728,0.21172161172161172,507.0,1073.0
512.577065351418,0.21172161172161172,508.0,1073.0
512.8729963008632,0.21245421245421245,509.0,1072.0
513.1689272503082,0.21245421245421245,510.0,1072.0
513.4648581997534,0.2128205128205128,511.0,1071.5
513.7607891491986,0.21318681318681318,512.0,1071.0
514.0567200986436,0.21318681318681318,513.0,1071.0
514.3526510480888,0.21355311355311354,514.0,1070.5
514.6485819975339,0.2139194139194139,515.0,1070.0
514.9445129469791,0.2139194139194139,516.0,1070.0
515.2404438964242,0.21428571428571427,517.0,1069.5
515.5363748458693,0.21465201465201464,518.0,1069.0
515.8323057953144,0.21501831501831503,519.0,1068.5
516.1282367447595,0.21501831501831503,520.0,1068.5
516.4241676942047,0.2153846153846154,521.0,1068.0
516.7200986436499,0.21575091575091576,522.0,1067.5
517.0160295930949,0.21575091575091576,523.0,1067.5
517.3119605425401,0.21611721611721613,524.0,1067.0
517.6078914919852,0.21611721611721613,525.0,1067.0
517.9038224414303,0.2164835164835165,526.0,1066.5
518.1997533908755,0.21684981684981686,527.0,1066.0
518.4956843403206,0.21684981684981686,528.0,1066.0
518.7916152897658,0.21721611721611722,529.0,1065.5
519.0875462392108,0.2175824175824176,530.0,1065.0
519.383477188656,0.2175824175824176,531.0,1065.0
519.679408138101,0.21794871794871795,532.0,1064.5
519.9753390875462,0.21794871794871795,533.0,1064.5
520.2712700369914,0.21831501831501832,534.0,1064.0
520.5672009864365,0.21868131868131868,535.0,1063.5
520.8631319358816,0.21868131868131868,536.0,1063.5
521.1590628853268,0.21904761904761905,537.0,1063.0
521.4549938347719,0.21904761904761905,538.0,1063.0
521.750924784217,0.2194139194139194,539.0,1062.5
522.0468557336621,0.2194139194139194,540.0,1062.5
522.3427866831073,0.21978021978021978,541.0,1062.0
522.6387176325525,0.22014652014652014,542.0,1061.5
522.9346485819975,0.22014652014652014,543.0,1061.5
523.2305795314427,0.22014652014652014,544.0,1061.5
523.5265104808877,0.2205128205128205,545.0,1061.0
523.8224414303329,0.22087912087912087,546.0,1060.5
524.1183723797781,0.22087912087912087,547.0,1060.5
524.4143033292232,0.22087912087912087,548.0,1060.5
524.7102342786683,0.22124542124542124,549.0,1060.0
525.0061652281134,0.2216117216117216,550.0,1059.5
525.3020961775586,0.2216117216117216,551.0,1059.5
525.5980271270037,0.2216117216117216,552.0,1059.5
525.8939580764488,0.2216117216117216,553.0,1059.5
526.189889025894,0.2216117216117216,554.0,1059.5
526.4858199753392,0.22234432234432233,555.0,1058.5
526.7817509247842,0.22234432234432233,556.0,1058.5
527.0776818742294,0.22234432234432233,557.0,1058.5
527.3736128236744,0.22234432234432233,558.0,1058.5
527.6695437731196,0.22271062271062272,559.0,1058.0
527.9654747225647,0.2230769230769231,560.0,1057.5
528.2614056720099,0.2230769230769231,561.0,1057.5
528.557336621455,0.2230769230769231,562.0,1057.5
528.8532675709001,0.2230769230769231,563.0,1057.5
529.1491985203453,0.2230769230769231,564.0,1057.5
529.4451294697903,0.2230769230769231,565.0,1057.5
529.7410604192355,0.2230769230769231,566.0,1057.5
530.0369913686807,0.22380952380952382,567.0,1056.5
530.3329223181258,0.22380952380952382,568.0,1056.5
530.6288532675709,0.22380952380952382,569.0,1056.5
530.924784217016,0.22380952380952382,570.0,1056.5
531.2207151664611,0.22380952380952382,571.0,1056.5
531.5166461159063,0.22380952380952382,572.0,1056.5
531.8125770653514,0.22380952380952382,573.0,1056.5
532.1085080147966,0.22380952380952382,574.0,1056.5
532.4044389642416,0.22380952380952382,575.0,1056.5
532.7003699136868,0.22380952380952382,576.0,1056.5
532.996300863132,0.22417582417582418,577.0,1056.0
533.292231812577,0.22417582417582418,578.0,1056.0
533.5881627620222,0.22454212454212455,579.0,1055.5
533.8840937114674,0.22454212454212455,580.0,1055.5
534.1800246609125,0.22454212454212455,581.0,1055.5
534.4759556103576,0.22454212454212455,582.0,1055.5
534.7718865598027,0.22454212454212455,583.0,1055.5
535.0678175092478,0.22454212454212455,584.0,1055.5
535.363748458693,0.22454212454212455,585.0,1055.5
535.6596794081381,0.22454212454212455,586.0,1055.5
535.9556103575833,0.22454212454212455,587.0,1055.5
536.2515413070283,0.22454212454212455,588.0,1055.5
536.5474722564735,0.22454212454212455,589.0,1055.5
536.8434032059185,0.22454212454212455,590.0,1055.5
537.1393341553637,0.22454212454212455,591.0,1055.5
537.4352651048089,0.22454212454212455,592.0,1055.5
537.731196054254,0.22454212454212455,593.0,1055.5
538.0271270036992,0.22454212454212455,594.0,1055.5
538.3230579531443,0.22454212454212455,595.0,1055.5
538.6189889025894,0.22454212454212455,596.0,1055.5
538.9149198520345,0.22454212454212455,597.0,1055.5
539.2108508014796,0.22417582417582418,598.0,1056.0
539.5067817509248,0.22380952380952382,599.0,1056.5
539.80271270037,0.22380952380952382,600.0,1056.5
540.098643649815,0.22380952380952382,601.0,1056.5
540.3945745992602,0.22380952380952382,602.0,1056.5
540.6905055487052,0.22380952380952382,603.0,1056.5
540.9864364981504,0.22380952380952382,604.0,1056.5
541.2823674475956,0.22380952380952382,605.0,1056.5
541.5782983970407,0.22380952380952382,606.0,1056.5
541.8742293464859,0.22380952380952382,607.0,1056.5
542.1701602959309,0.22380952380952382,608.0,1056.5
542.4660912453761,0.22380952380952382,609.0,1056.5
542.7620221948212,0.2230769230769231,610.0,1057.5
543.0579531442663,0.2230769230769231,611.0,1057.5
543.3538840937115,0.2230769230769231,612.0,1057.5
543.6498150431567,0.2230769230769231,613.0,1057.5
543.9457459926017,0.2230769230769231,614.0,1057.5
544.2416769420469,0.2230769230769231,615.0,1057.5
544.5376078914919,0.2230769230769231,616.0,1057.5
544.8335388409371,0.22271062271062272,617.0,1058.0
545.1294697903822,0.22234432234432233,618.0,1058.5
545.4254007398274,0.22234432234432233,619.0,1058.5
545.7213316892725,0.22234432234432233,620.0,1058.5
546.0172626387176,0.22234432234432233,621.0,1058.5
546.3131935881628,0.22197802197802197,622.0,1059.0
546.6091245376078,0.2216117216117216,623.0,1059.5
546.905055487053,0.2216117216117216,624.0,1059.5
547.2009864364982,0.2216117216117216,625.0,1059.5
547.4969173859433,0.2216117216117216,626.0,1059.5
547.7928483353884,0.22124542124542124,627.0,1060.0
548.0887792848335,0.22087912087912087,628.0,1060.5
548.3847102342786,0.22087912087912087,629.0,1060.5
548.6806411837238,0.22087912087912087,630.0,1060.5
548.9765721331689,0.22087912087912087,631.0,1060.5
549.2725030826141,0.2205128205128205,632.0,1061.0
549.5684340320591,0.22014652014652014,633.0,1061.5
549.8643649815043,0.22014652014652014,634.0,1061.5
550.1602959309495,0.22014652014652014,635.0,1061.5
550.4562268803945,0.21978021978021978,636.0,1062.0
550.7521578298397,0.2194139194139194,637.0,1062.5
551.0480887792849,0.2194139194139194,638.0,1062.5
551.34401972873,0.21904761904761905,639.0,1063.0
551.6399506781751,0.21868131868131868,640.0,1063.5
551.9358816276202,0.21868131868131868,641.0,1063.5
552.2318125770653,0.21868131868131868,642.0,1063.5
552.5277435265104,0.21831501831501832,643.0,1064.0
552.8236744759556,0.21794871794871795,644.0,1064.5
553.1196054254008,0.21794871794871795,645.0,1064.5
553.4155363748458,0.21794871794871795,646.0,1064.5
553.711467324291,0.21721611721611722,647.0,1065.5
554.0073982737362,0.21721611721611722,648.0,1065.5
554.3033292231812,0.21721611721611722,649.0,1065.5
554.5992601726264,0.21684981684981686,650.0,1066.0
554.8951911220715,0.2164835164835165,651.0,1066.5
555.1911220715167,0.2164835164835165,652.0,1066.5
555.4870530209618,0.21611721611721613,653.0,1067.0
555.7829839704069,0.21575091575091576,654.0,1067.5
556.078914919852,0.21575091575091576,655.0,1067.5
556.3748458692971,0.2153846153846154,656.0,1068.0
556.6707768187423,0.2153846153846154,657.0,1068.0
556.9667077681875,0.21501831501831503,658.0,1068.5
557.2626387176325,0.21465201465201464,659.0,1069.0
557.5585696670777,0.21465201465201464,660.0,1069.0
557.8545006165228,0.21428571428571427,661.0,1069.5
558.1504315659679,0.2139194139194139,662.0,1070.0
558.446362515413,0.2139194139194139,663.0,1070.0
558.7422934648582,0.21355311355311354,664.0,1070.5
559.0382244143034,0.21318681318681318,665.0,1071.0
559.3341553637484,0.21318681318681318,666.0,1071.0
559.6300863131936,0.2128205128205128,667.0,1071.5
559.9260172626387,0.21172161172161172,668.0,1073.0
560.2219482120838,0.210989010989011,669.0,1074.0
560.517879161529,0.21062271062271062,670.0,1074.5
560.8138101109741,0.2098901098901099,671.0,1075.5
561.1097410604192,0.20952380952380953,672.0,1076.0
561.4056720098644,0.20952380952380953,673.0,1076.0
561.7016029593095,0.20915750915750916,674.0,1076.5
561.9975339087546,0.20915750915750916,675.0,1076.5
562.2934648581997,0.20915750915750916,676.0,1076.5
562.5893958076449,0.2087912087912088,677.0,1077.0
562.8853267570901,0.2087912087912088,678.0,1077.0
563.1812577065351,0.2087912087912088,679.0,1077.0
563.4771886559803,0.2087912087912088,680.0,1077.0
563.7731196054253,0.20915750915750916,681.0,1076.5
564.0690505548705,0.2087912087912088,682.0,1077.0
564.3649815043157,0.2087912087912088,683.0,1077.0
564.6609124537608,0.20842490842490843,684.0,1077.5
564.9568434032059,0.20842490842490843,685.0,1077.5
565.252774352651,0.20805860805860807,686.0,1078.0
565.5487053020962,0.2076923076923077,687.0,1078.5
565.8446362515413,0.20732600732600734,688.0,1079.0
566.1405672009864,0.20695970695970695,689.0,1079.5
566.4364981504316,0.20695970695970695,690.0,1079.5
566.7324290998768,0.20659340659340658,691.0,1080.0
567.0283600493218,0.20659340659340658,692.0,1080.0
567.324290998767,0.20622710622710622,693.0,1080.5
567.620221948212,0.20586080586080585,694.0,1081.0
567.9161528976572,0.20586080586080585,695.0,1081.0
568.2120838471023,0.20549450549450549,696.0,1081.5
568.5080147965475,0.20512820512820512,697.0,1082.0
568.8039457459926,0.20476190476190476,698.0,1082.5
569.0998766954377,0.20476190476190476,699.0,1082.5
569.3958076448829,0.2043956043956044,700.0,1083.0
569.691738594328,0.20402930402930403,701.0,1083.5
569.9876695437731,0.20402930402930403,702.0,1083.5
570.2836004932183,0.20366300366300366,703.0,1084.0
570.5795314426634,0.20366300366300366,704.0,1084.0
570.8754623921085,0.2032967032967033,705.0,1084.5
571.1713933415537,0.20293040293040293,706.0,1085.0
571.4673242909987,0.20293040293040293,707.0,1085.0
571.7632552404439,0.20256410256410257,708.0,1085.5
572.059186189889,0.2021978021978022,709.0,1086.0
572.3551171393342,0.2021978021978022,710.0,1086.0
572.6510480887792,0.20183150183150184,711.0,1086.5
572.9469790382244,0.20183150183150184,712.0,1086.5
573.2429099876696,0.20146520146520147,713.0,1087.0
573.5388409371146,0.20146520146520147,714.0,1087.0
573.8347718865598,0.2010989010989011,715.0,1087.5
574.130702836005,0.2010989010989011,716.0,1087.5
574.4266337854501,0.20073260073260074,717.0,1088.0
574.7225647348952,0.20036630036630038,718.0,1088.5
575.0184956843403,0.20036630036630038,719.0,1088.5
575.3144266337854,0.2,720.0,1089.0
575.6103575832306,0.19963369963369965,721.0,1089.5
575.9062885326757,0.19963369963369965,722.0,1089.5
576.2022194821209,0.19963369963369965,723.0,1089.5
576.4981504315659,0.19926739926739928,724.0,1090.0
576.7940813810111,0.1989010989010989,725.0,1090.5
577.0900123304563,0.1989010989010989,726.0,1090.5
577.3859432799013,0.1989010989010989,727.0,1090.5
577.6818742293465,0.1989010989010989,728.0,1090.5
577.9778051787916,0.19853479853479852,729.0,1091.0
578.2737361282368,0.19816849816849816,730.0,1091.5
578.5696670776819,0.19816849816849816,731.0,1091.5
578.865598027127,0.19816849816849816,732.0,1091.5
579.1615289765721,0.19816849816849816,733.0,1091.5
579.4574599260172,0.19743589743589743,734.0,1092.5
579.7533908754624,0.19743589743589743,735.0,1092.5
580.0493218249076,0.19743589743589743,736.0,1092.5
580.3452527743526,0.19743589743589743,737.0,1092.5
580.6411837237978,0.19743589743589743,738.0,1092.5
580.937114673243,0.19743589743589743,739.0,1092.5
581.233045622688,0.1967032967032967,740.0,1093.5
581.5289765721332,0.1967032967032967,741.0,1093.5
581.8249075215783,0.1967032967032967,742.0,1093.5
582.1208384710235,0.1967032967032967,743.0,1093.5
582.4167694204685,0.1967032967032967,744.0,1093.5
582.7127003699137,0.1967032967032967,745.0,1093.5
583.0086313193588,0.1967032967032967,746.0,1093.5
583.3045622688039,0.1967032967032967,747.0,1093.5
583.6004932182491,0.1967032967032967,748.0,1093.5
583.8964241676942,0.1967032967032967,749.0,1093.5
584.1923551171393,0.1967032967032967,750.0,1093.5
584.4882860665845,0.19633699633699633,751.0,1094.0
584.7842170160296,0.19597069597069597,752.0,1094.5
585.0801479654747,0.19597069597069597,753.0,1094.5
585.3760789149198,0.19597069597069597,754.0,1094.5
585.672009864365,0.19597069597069597,755.0,1094.5
585.9679408138102,0.19597069597069597,756.0,1094.5
586.2638717632552,0.19597069597069597,757.0,1094.5
586.5598027127004,0.19597069597069597,758.0,1094.5
586.8557336621454,0.19597069597069597,759.0,1094.5
587.1516646115906,0.19597069597069597,760.0,1094.5
587.4475955610358,0.19597069597069597,761.0,1094.5
587.7435265104809,0.19633699633699633,762.0,1094.0
588.039457459926,0.19633699633699633,763.0,1094.0
588.3353884093711,0.1967032967032967,764.0,1093.5
588.6313193588163,0.1967032967032967,765.0,1093.5
588.9272503082614,0.1967032967032967,766.0,1093.5
589.2231812577065,0.1967032967032967,767.0,1093.5
589.5191122071517,0.1967032967032967,768.0,1093.5
589.8150431565969,0.1967032967032967,769.0,1093.5
590.1109741060419,0.1967032967032967,770.0,1093.5
590.4069050554871,0.1967032967032967,771.0,1093.5
590.7028360049321,0.1967032967032967,772.0,1093.5
590.9987669543773,0.19743589743589743,773.0,1092.5
591.2946979038225,0.19743589743589743,774.0,1092.5
591.5906288532676,0.19743589743589743,775.0,1092.5
591.8865598027127,0.19743589743589743,776.0,1092.5
592.1824907521578,0.19743589743589743,777.0,1092.5
592.478421701603,0.19816849816849816,778.0,1091.5
592.774352651048,0.19816849816849816,779.0,1091.5
593.0702836004932,0.19816849816849816,780.0,1091.5
593.3662145499384,0.19853479853479852,781.0,1091.0
593.6621454993835,0.1989010989010989,782.0,1090.5
593.9580764488286,0.1989010989010989,783.0,1090.5
594.2540073982738,0.1989010989010989,784.0,1090.5
594.5499383477188,0.19926739926739928,785.0,1090.0
594.845869297164,0.19963369963369965,786.0,1089.5
595.1418002466091,0.19963369963369965,787.0,1089.5
595.4377311960543,0.2,788.0,1089.0
595.7336621454994,0.20036630036630038,789.0,1088.5
596.0295930949445,0.20073260073260074,790.0,1088.0
596.3255240443897,0.20073260073260074,791.0,1088.0
596.6214549938347,0.20146520146520147,792.0,1087.0
596.9173859432799,0.20146520146520147,793.0,1087.0
597.2133168927251,0.20183150183150184,794.0,1086.5
597.5092478421702,0.2021978021978022,795.0,1086.0
597.8051787916153,0.2021978021978022,796.0,1086.0
598.1011097410604,0.20293040293040293,797.0,1085.0
598.3970406905055,0.2032967032967033,798.0,1084.5
598.6929716399507,0.20366300366300366,799.0,1084.0
598.9889025893958,0.20402930402930403,800.0,1083.5
599.284833538841,0.2043956043956044,801.0,1083.0
599.580764488286,0.20476190476190476,802.0,1082.5
599.8766954377312,0.20512820512820512,803.0,1082.0
600.1726263871764,0.20549450549450549,804.0,1081.5
600.4685573366214,0.20622710622710622,805.0,1080.5
600.7644882860666,0.20622710622710622,806.0,1080.5
601.0604192355117,0.20695970695970695,807.0,1079.5
601.3563501849569,0.20732600732600734,808.0,1079.0
601.652281134402,0.2076923076923077,809.0,1078.5
601.9482120838471,0.20842490842490843,810.0,1077.5
602.2441430332922,0.2087912087912088,811.0,1077.0
602.5400739827373,0.20915750915750916,812.0,1076.5
602.8360049321825,0.2098901098901099,813.0,1075.5
603.1319358816277,0.21025641025641026,814.0,1075.0
603.4278668310727,0.210989010989011,815.0,1074.0
603.7237977805179,0.21172161172161172,816.0,1073.0
604.019728729963,0.21245421245421245,817.0,1072.0
604.3156596794081,0.21245421245421245,818.0,1072.0
604.6115906288533,0.21318681318681318,819.0,1071.0
604.9075215782984,0.2139194139194139,820.0,1070.0
605.2034525277436,0.21465201465201464,821.0,1069.0
605.4993834771886,0.21501831501831503,822.0,1068.5
605.7953144266338,0.21575091575091576,823.0,1067.5
606.0912453760789,0.2164835164835165,824.0,1066.5
606.387176325524,0.21721611721611722,825.0,1065.5
606.6831072749692,0.21794871794871795,826.0,1064.5
606.9790382244144,0.21831501831501832,827.0,1064.0
607.2749691738594,0.21904761904761905,828.0,1063.0
607.5709001233046,0.21978021978021978,829.0,1062.0
607.8668310727497,0.2205128205128205,830.0,1061.0
608.1627620221948,0.22124542124542124,831.0,1060.0
608.45869297164,0.22197802197802197,832.0,1059.0
608.7546239210851,0.22271062271062272,833.0,1058.0
609.0505548705303,0.22344322344322345,834.0,1057.0
609.3464858199753,0.22454212454212455,835.0,1055.5
609.6424167694205,0.22527472527472528,836.0,1054.5
609.9383477188655,0.226007326007326,837.0,1053.5
610.2342786683107,0.22673992673992674,838.0,1052.5
610.5302096177559,0.22783882783882783,839.0,1051.0
610.826140567201,0.22857142857142856,840.0,1050.0
611.1220715166461,0.2293040293040293,841.0,1049.0
611.4180024660913,0.2304029304029304,842.0,1047.5
611.7139334155364,0.2315018315018315,843.0,1046.0
612.0098643649815,0.23223443223443224,844.0,1045.0
612.3057953144266,0.23296703296703297,845.0,1044.0
612.6017262638718,0.23406593406593407,846.0,1042.5
612.897657213317,0.2347985347985348,847.0,1041.5
613.193588162762,0.2358974358974359,848.0,1040.0
613.4895191122072,0.236996336996337,849.0,1038.5
613.7854500616522,0.23772893772893772,850.0,1037.5
614.0813810110974,0.23882783882783884,851.0,1036.0
614.3773119605426,0.23992673992673993,852.0,1034.5
614.6732429099877,0.24102564102564103,853.0,1033.0
614.9691738594328,0.24175824175824176,854.0,1032.0
615.2651048088779,0.24322344322344322,855.0,1030.0
615.561035758323,0.24395604395604395,856.0,1029.0
615.8569667077682,0.2454212454212454,857.0,1027.0
616.1528976572133,0.24615384615384617,858.0,1026.0
616.4488286066585,0.24725274725274726,859.0,1024.5
616.7447595561036,0.24835164835164836,860.0,1023.0
617.0406905055487,0.24945054945054945,861.0,1021.5
617.3366214549939,0.2509157509157509,862.0,1019.5
617.6325524044389,0.252014652014652,863.0,1018.0
617.9284833538841,0.25347985347985347,864.0,1016.0
618.2244143033292,0.2542124542124542,865.0,1015.0
618.5203452527744,0.25567765567765566,866.0,1013.0
618.8162762022195,0.25677655677655675,867.0,1011.5
619.1122071516646,0.25824175824175827,868.0,1009.5
619.4081381011097,0.25934065934065936,869.0,1008.0
619.7040690505548,0.2600732600732601,870.0,1007.0
620.0,0.2619047619047619,871.0,1004.5
620.2959309494452,0.2633699633699634,872.0,1002.5
620.5918618988903,0.2644688644688645,873.0,1001.0
620.8877928483354,0.26593406593406593,874.0,999.0
621.1837237977805,0.2673992673992674,875.0,997.0
621.4796547472256,0.2681318681318681,876.0,996.0
621.7755856966708,0.2684981684981685,877.0,995.5
622.0715166461159,0.2692307692307692,878.0,994.5
622.3674475955611,0.26996336996336995,879.0,993.5
622.6633785450061,0.27106227106227104,880.0,992.0
622.9593094944513,0.2714285714285714,881.0,991.5
623.2552404438964,0.27289377289377287,882.0,989.5
623.5511713933415,0.27362637362637365,883.0,988.5
623.8471023427867,0.2750915750915751,884.0,986.5
624.1430332922318,0.2813186813186813,885.0,978.0
624.438964241677,0.2827838827838828,886.0,976.0
624.7348951911221,0.28424908424908424,887.0,974.0
625.0308261405672,0.2857142857142857,888.0,972.0
625.3267570900123,0.2875457875457875,889.0,969.5
625.6226880394574,0.289010989010989,890.0,967.5
625.9186189889026,0.2904761904761905,891.0,965.5
626.2145499383478,0.29194139194139196,892.0,963.5
626.5104808877928,0.2937728937728938,893.0,961.0
626.806411837238,0.29523809523809524,894.0,959.0
627.102342786683,0.2967032967032967,895.0,957.0
627.3982737361282,0.29853479853479853,896.0,954.5
627.6942046855734,0.30036630036630035,897.0,952.0
627.9901356350185,0.3018315018315018,898.0,950.0
628.2860665844636,0.30366300366300364,899.0,947.5
628.5819975339087,0.30512820512820515,900.0,945.5
628.8779284833539,0.306959706959707,901.0,943.0
629.173859432799,0.3087912087912088,902.0,940.5
629.4697903822441,0.31062271062271063,903.0,938.0
629.7657213316893,0.3120879120879121,904.0,936.0
630.0616522811345,0.3139194139194139,905.0,933.5
630.3575832305795,0.31575091575091574,906.0,931.0
630.6535141800247,0.31758241758241756,907.0,928.5
630.9494451294697,0.3194139194139194,908.0,926.0
631.2453760789149,0.32124542124542127,909.0,923.5
631.54130702836,0.32271062271062273,910.0,921.5
631.8372379778052,0.3249084249084249,911.0,918.5
632.1331689272503,0.3263736263736264,912.0,916.5
632.4290998766954,0.32857142857142857,913.0,913.5
632.7250308261406,0.3304029304029304,914.0,911.0
633.0209617755856,0.3322344322344322,915.0,908.5
633.3168927250308,0.33406593406593404,916.0,906.0
633.612823674476,0.33589743589743587,917.0,903.5
633.9087546239211,0.33772893772893775,918.0,901.0
634.2046855733662,0.33992673992673994,919.0,898.0
634.5006165228114,0.34212454212454213,920.0,895.0
634.7965474722564,0.34395604395604396,921.0,892.5
635.0924784217016,0.34615384615384615,922.0,889.5
635.3884093711467,0.34798534798534797,923.0,887.0
635.6843403205919,0.3498168498168498,924.0,884.5
635.980271270037,0.3516483516483517,925.0,882.0
636.2762022194821,0.35384615384615387,926.0,879.0
636.5721331689272,0.3556776556776557,927.0,876.5
636.8680641183723,0.3578754578754579,928.0,873.5
637.1639950678175,0.36007326007326007,929.0,870.5
637.4599260172627,0.3619047619047619,930.0,868.0
637.7558569667078,0.36446886446886445,931.0,864.5
638.0517879161529,0.3663003663003663,932.0,862.0
638.347718865598,0.3684981684981685,933.0,859.0
638.6436498150431,0.37032967032967035,934.0,856.5
638.9395807644883,0.3728937728937729,935.0,853.0
639.2355117139334,0.3750915750915751,936.0,850.0
639.5314426633786,0.3772893772893773,937.0,847.0
639.8273736128237,0.37948717948717947,938.0,844.0
640.1233045622688,0.38168498168498166,939.0,841.0
640.4192355117139,0.38351648351648354,940.0,838.5
640.715166461159,0.38571428571428573,941.0,835.5
641.0110974106042,0.3879120879120879,942.0,832.5
641.3070283600493,0.3904761904761905,943.0,829.0
641.6029593094945,0.39267399267399267,944.0,826.0
641.8988902589396,0.39487179487179486,945.0,823.0
642.1948212083847,0.3974358974358974,946.0,819.5
642.4907521578298,0.3992673992673993,947.0,817.0
642.7866831072749,0.4014652014652015,948.0,814.0
643.0826140567201,0.4043956043956044,949.0,810.0
643.3785450061653,0.4062271062271062,950.0,807.5
643.6744759556104,0.4087912087912088,951.0,804.0
643.9704069050555,0.41098901098901097,952.0,801.0
644.2663378545005,0.4135531135531135,953.0,797.5
644.5622688039457,0.4157509157509158,954.0,794.5
644.8581997533909,0.41794871794871796,955.0,791.5
645.154130702836,0.4205128205128205,956.0,788.0
645.4500616522812,0.4230769230769231,957.0,784.5
645.7459926017262,0.42527472527472526,958.0,781.5
646.0419235511714,0.4278388278388278,959.0,778.0
646.3378545006165,0.43040293040293043,960.0,774.5
646.6337854500616,0.43223443223443225,961.0,772.0
646.9297163995068,0.4351648351648352,962.0,768.0
647.225647348952,0.43772893772893773,963.0,764.5
647.5215782983971,0.4399267399267399,964.0,761.5
647.8175092478422,0.4421245421245421,965.0,758.5
648.1134401972872,0.44505494505494503,966.0,754.5
648.4093711467324,0.4472527472527473,967.0,751.5
648.7053020961775,0.4501831501831502,968.0,747.5
649.0012330456227,0.4523809523809524,969.0,744.5
649.2971639950679,0.45494505494505494,970.0,741.0
649.5930949445129,0.45714285714285713,971.0,738.0
649.8890258939581,0.46007326007326005,972.0,734.0
650.1849568434031,0.4622710622710623,973.0,731.0
650.4808877928483,0.46483516483516485,974.0,727.5
650.7768187422935,0.4673992673992674,975.0,724.0
651.0727496917386,0.4703296703296703,976.0,720.0
651.3686806411838,0.4725274725274725,977.0,717.0
651.6646115906289,0.47545787545787543,978.0,713.0
651.9605425400739,0.47802197802197804,979.0,709.5
652.2564734895191,0.48021978021978023,980.0,706.5
652.5524044389642,0.4827838827838828,981.0,703.0
652.8483353884094,0.4857142857142857,982.0,699.0
653.1442663378546,0.48754578754578753,983.0,696.5
653.4401972872996,0.49047619047619045,984.0,692.5
653.7361282367448,0.49340659340659343,985.0,688.5
654.0320591861898,0.495970695970696,986.0,685.0
654.327990135635,0.49853479853479854,987.0,681.5
654.6239210850802,0.5014652014652015,988.0,677.5
654.9198520345253,0.504029304029304,989.0,674.0
655.2157829839705,0.5065934065934066,990.0,670.5
655.5117139334155,0.5095238095238095,991.0,666.5
655.8076448828606,0.512087912087912,992.0,663.0
656.1035758323058,0.515018315018315,993.0,659.0
656.3995067817509,0.5172161172161173,994.0,656.0
656.6954377311961,0.5201465201465202,995.0,652.0
656.9913686806412,0.5230769230769231,996.0,648.0
657.2872996300863,0.5252747252747253,997.0,645.0
657.5832305795315,0.5282051282051282,998.0,641.0
657.8791615289765,0.5307692307692308,999.0,637.5
658.1750924784217,0.5336996336996337,1000.0,633.5
658.4710234278668,0.5362637362637362,1001.0,630.0
658.766954377312,0.5391941391941392,1002.0,626.0
659.0628853267572,0.5417582417582417,1003.0,622.5
659.3588162762022,0.5443223443223443,1004.0,619.0
659.6547472256473,0.5472527472527473,1005.0,615.0
659.9506781750924,0.5498168498168499,1006.0,611.5
660.2466091245376,0.5527472527472528,1007.0,607.5
660.5425400739828,0.5553113553113553,1008.0,604.0
660.8384710234279,0.5582417582417583,1009.0,600.0
661.134401972873,0.5608058608058608,1010.0,596.5
661.4303329223181,0.5637362637362637,1011.0,592.5
661.7262638717632,0.5666666666666667,1012.0,588.5
662.0221948212084,0.5692307692307692,1013.0,585.0
662.3181257706535,0.5717948717948718,1014.0,581.5
662.6140567200987,0.5747252747252747,1015.0,577.5
662.9099876695439,0.5772893772893772,1016.0,574.0
663.2059186189889,0.5798534798534799,1017.0,570.5
663.501849568434,0.5827838827838828,1018.0,566.5
663.7977805178791,0.5857142857142857,1019.0,562.5
664.0937114673243,0.5882783882783883,1020.0,559.0
664.3896424167694,0.5908424908424909,1021.0,555.5
664.6855733662146,0.5937728937728938,1022.0,551.5
664.9815043156597,0.5967032967032967,1023.0,547.5
665.2774352651048,0.5996336996336996,1024.0,543.5
665.5733662145499,0.6021978021978022,1025.0,540.0
665.869297163995,0.6051282051282051,1026.0,536.0
666.1652281134402,0.6076923076923076,1027.0,532.5
666.4611590628854,0.6106227106227107,1028.0,528.5
666.7570900123305,0.6128205128205129,1029.0,525.5
667.0530209617756,0.6157509157509158,1030.0,521.5
667.3489519112206,0.6186813186813187,1031.0,517.5
667.6448828606658,0.6216117216117216,1032.0,513.5
667.940813810111,0.6241758241758242,1033.0,510.0
668.2367447595561,0.6267399267399267,1034.0,506.5
668.5326757090013,0.6304029304029304,1035.0,501.5
668.8286066584463,0.6329670329670329,1036.0,498.0
669.1245376078915,0.6355311355311355,1037.0,494.5
669.4204685573366,0.6384615384615384,1038.0,490.5
669.7163995067817,0.6410256410256411,1039.0,487.0
670.0123304562269,0.643956043956044,1040.0,483.0
670.308261405672,0.6465201465201466,1041.0,479.5
670.6041923551172,0.6494505494505495,1042.0,475.5
670.9001233045623,0.652014652014652,1043.0,472.0
671.1960542540073,0.6545787545787546,1044.0,468.5
671.4919852034525,0.6575091575091575,1045.0,464.5
671.7879161528977,0.6604395604395604,1046.0,460.5
672.0838471023428,0.6626373626373626,1047.0,457.5
672.379778051788,0.6659340659340659,1048.0,453.0
672.675709001233,0.6684981684981685,1049.0,449.5
672.9716399506782,0.6714285714285714,1050.0,445.5
673.2675709001232,0.673992673992674,1051.0,442.0
673.5635018495684,0.6765567765567766,1052.0,438.5
673.8594327990136,0.6794871794871795,1053.0,434.5
674.1553637484587,0.6820512820512821,1054.0,431.0
674.4512946979039,0.684981684981685,1055.0,427.0
674.747225647349,0.6879120879120879,1056.0,423.0
675.043156596794,0.6904761904761905,1057.0,419.5
675.3390875462392,0.693040293040293,1058.0,416.0
675.6350184956843,0.6956043956043956,1059.0,412.5
675.9309494451295,0.6981684981684981,1060.0,409.0
676.2268803945747,0.701098901098901,1061.0,405.0
676.5228113440197,0.7040293040293041,1062.0,401.0
676.8187422934649,0.7065934065934066,1063.0,397.5
677.1146732429099,0.7091575091575092,1064.0,394.0
677.4106041923551,0.7120879120879121,1065.0,390.0
677.7065351418003,0.7146520146520147,1066.0,386.5
678.0024660912454,0.7172161172161172,1067.0,383.0
678.2983970406906,0.7197802197802198,1068.0,379.5
678.5943279901356,0.7223443223443223,1069.0,376.0
678.8902589395807,0.7249084249084249,1070.0,372.5
679.1861898890259,0.7278388278388278,1071.0,368.5
679.482120838471,0.7307692307692307,1072.0,364.5
679.7780517879162,0.7329670329670329,1073.0,361.5
680.0739827373613,0.7355311355311356,1074.0,358.0
680.3699136868064,0.7384615384615385,1075.0,354.0
680.6658446362516,0.7410256410256411,1076.0,350.5
680.9617755856966,0.7435897435897436,1077.0,347.0
681.2577065351418,0.7461538461538462,1078.0,343.5
681.553637484587,0.7487179487179487,1079.0,340.0
681.8495684340321,0.7509157509157509,1080.0,337.0
682.1454993834773,0.7538461538461538,1081.0,333.0
682.4414303329223,0.756043956043956,1082.0,330.0
682.7373612823674,0.7589743589743589,1083.0,326.0
683.0332922318125,0.7615384615384615,1084.0,322.5
683.3292231812577,0.764102564102564,1085.0,319.0
683.6251541307029,0.7663003663003664,1086.0,316.0
683.921085080148,0.7688644688644689,1087.0,312.5
684.2170160295931,0.7717948717948718,1088.0,308.5
684.5129469790382,0.773992673992674,1089.0,305.5
684.8088779284833,0.7761904761904762,1090.0,302.5
685.1048088779285,0.7787545787545788,1091.0,299.0
685.4007398273736,0.7813186813186813,1092.0,295.5
685.6966707768188,0.7838827838827839,1093.0,292.0
685.992601726264,0.7860805860805861,1094.0,289.0
686.288532675709,0.789010989010989,1095.0,285.0
686.5844636251541,0.7912087912087912,1096.0,282.0
686.8803945745992,0.7934065934065934,1097.0,279.0
687.1763255240444,0.7959706959706959,1098.0,275.5
687.4722564734896,0.7985347985347986,1099.0,272.0
687.7681874229347,0.8003663003663004,1100.0,269.5
688.0641183723798,0.8032967032967033,1101.0,265.5
688.3600493218249,0.8054945054945055,1102.0,262.5
688.65598027127,0.8076923076923077,1103.0,259.5
688.9519112207151,0.8102564102564103,1104.0,256.0
689.2478421701603,0.8124542124542125,1105.0,253.0
689.5437731196055,0.8146520146520146,1106.0,250.0
689.8397040690506,0.8168498168498168,1107.0,247.0
690.1356350184957,0.819047619047619,1108.0,244.0
690.4315659679407,0.8212454212454212,1109.0,241.0
690.7274969173859,0.8238095238095238,1110.0,237.5
691.0234278668311,0.826007326007326,1111.0,234.5
691.3193588162762,0.8278388278388278,1112.0,232.0
691.6152897657214,0.8304029304029305,1113.0,228.5
691.9112207151665,0.832967032967033,1114.0,225.0
692.2071516646116,0.8351648351648352,1115.0,222.0
692.5030826140567,0.836996336996337,1116.0,219.5
692.7990135635018,0.8391941391941392,1117.0,216.5
693.094944512947,0.8417582417582418,1118.0,213.0
693.3908754623922,0.8435897435897436,1119.0,210.5
693.6868064118372,0.8457875457875458,1120.0,207.5
693.9827373612824,0.8476190476190476,1121.0,205.0
694.2786683107274,0.8501831501831502,1122.0,201.5
694.5745992601726,0.852014652014652,1123.0,199.0
694.8705302096178,0.8542124542124542,1124.0,196.0
695.1664611590629,0.8564102564102564,1125.0,193.0
695.4623921085081,0.8582417582417582,1126.0,190.5
695.7583230579531,0.8600732600732601,1127.0,188.0
696.0542540073983,0.8622710622710623,1128.0,185.0
696.3501849568433,0.8644688644688645,1129.0,182.0
696.6461159062885,0.8663003663003663,1130.0,179.5
696.9420468557337,0.8684981684981685,1131.0,176.5
697.2379778051788,0.8703296703296703,1132.0,174.0
697.5339087546239,0.8721611721611722,1133.0,171.5
697.8298397040691,0.873992673992674,1134.0,169.0
698.1257706535141,0.8761904761904762,1135.0,166.0
698.4217016029593,0.8776556776556776,1136.0,164.0
698.7176325524044,0.8798534798534798,1137.0,161.0
699.0135635018496,0.8816849816849817,1138.0,158.5
699.3094944512948,0.8835164835164835,1139.0,156.0
699.6054254007398,0.8853479853479853,1140.0,153.5
699.901356350185,0.8875457875457875,1141.0,150.5
700.19728729963,0.8893772893772893,1142.0,148.0
700.4932182490752,0.8908424908424909,1143.0,146.0
700.7891491985204,0.8930402930402931,1144.0,143.0
701.0850801479655,0.8945054945054945,1145.0,141.0
701.3810110974106,0.895970695970696,1146.0,139.0
701.6769420468557,0.8978021978021978,1147.0,136.5
701.9728729963008,0.9,1148.0,133.5
702.268803945746,0.9014652014652015,1149.0,131.5
702.5647348951911,0.9032967032967033,1150.0,129.0
702.8606658446363,0.9047619047619048,1151.0,127.0
703.1565967940815,0.9062271062271062,1152.0,125.0
703.4525277435265,0.9084249084249084,1153.0,122.0
703.7484586929717,0.9098901098901099,1154.0,120.0
704.0443896424167,0.9113553113553113,1155.0,118.0
704.3403205918619,0.9128205128205128,1156.0,116.0
704.636251541307,0.9146520146520146,1157.0,113.5
704.9321824907522,0.9161172161172161,1158.0,111.5
705.2281134401973,0.9172161172161172,1159.0,110.0
705.5240443896424,0.9194139194139194,1160.0,107.0
705.8199753390875,0.9205128205128205,1161.0,105.5
706.1159062885326,0.921978021978022,1162.0,103.5
706.4118372379778,0.9234432234432235,1163.0,101.5
706.707768187423,0.924908424908425,1164.0,99.5
707.0036991368681,0.9263736263736264,1165.0,97.5
707.2996300863132,0.9278388278388279,1166.0,95.5
707.5955610357584,0.9293040293040293,1167.0,93.5
707.8914919852034,0.9307692307692308,1168.0,91.5
708.1874229346486,0.9322344322344323,1169.0,89.5
708.4833538840937,0.9333333333333333,1170.0,88.0
708.7792848335389,0.9347985347985348,1171.0,86.0
709.075215782984,0.9362637362637363,1172.0,84.0
709.3711467324291,0.9373626373626374,1173.0,82.5
709.6670776818742,0.9384615384615385,1174.0,81.0
709.9630086313193,0.9406593406593406,1175.0,78.0
710.2589395807645,0.9413919413919414,1176.0,77.0
710.5548705302097,0.9421245421245421,1177.0,76.0
710.8508014796548,0.9435897435897436,1178.0,74.0
711.1467324290999,0.9446886446886447,1179.0,72.5
711.4426633785449,0.9461538461538461,1180.0,70.5
711.7385943279901,0.9468864468864469,1181.0,69.5
712.0345252774353,0.9483516483516483,1182.0,67.5
712.3304562268804,0.9494505494505494,1183.0,66.0
712.6263871763256,0.9505494505494505,1184.0,64.5
712.9223181257706,0.9516483516483516,1185.0,63.0
713.2182490752158,0.9523809523809523,1186.0,62.0
713.5141800246608,0.9534798534798535,1187.0,60.5
713.810110974106,0.954945054945055,1188.0,58.5
714.1060419235512,0.9556776556776557,1189.0,57.5
714.4019728729963,0.9567765567765568,1190.0,56.0
714.6979038224415,0.9578754578754579,1191.0,54.5
714.9938347718866,0.9586080586080586,1192.0,53.5
715.2897657213316,0.9597069597069597,1193.0,52.0
715.5856966707768,0.9604395604395605,1194.0,51.0
715.8816276202219,0.9611721611721612,1195.0,50.0
716.1775585696671,0.9622710622710623,1196.0,48.5
716.4734895191123,0.963003663003663,1197.0,47.5
716.7694204685573,0.9637362637362638,1198.0,46.5
717.0653514180025,0.9648351648351648,1199.0,45.0
717.3612823674475,0.9655677655677656,1200.0,44.0
717.6572133168927,0.9663003663003663,1201.0,43.0
717.9531442663379,0.967032967032967,1202.0,42.0
718.249075215783,0.9677655677655678,1203.0,41.0
718.5450061652282,0.9688644688644689,1204.0,39.5
718.8409371146732,0.9692307692307692,1205.0,39.0
719.1368680641183,0.9703296703296703,1206.0,37.5
719.4327990135635,0.971062271062271,1207.0,36.5
719.7287299630086,0.9717948717948718,1208.0,35.5
720.0246609124538,0.9721611721611721,1209.0,35.0
720.320591861899,0.9728937728937729,1210.0,34.0
720.616522811344,0.9732600732600732,1211.0,33.5
720.9124537607892,0.9732600732600732,1212.0,33.5
721.2083847102342,0.9743589743589743,1213.0,32.0
721.5043156596794,0.9750915750915751,1214.0,31.0
721.8002466091245,0.9758241758241758,1215.0,30.0
722.0961775585697,0.9761904761904762,1216.0,29.5
722.3921085080149,0.9769230769230769,1217.0,28.5
722.6880394574599,0.9769230769230769,1218.0,28.5
722.983970406905,0.9776556776556776,1219.0,27.5
723.2799013563501,0.978021978021978,1220.0,27.0
723.5758323057953,0.9783882783882784,1221.0,26.5
723.8717632552405,0.9787545787545787,1222.0,26.0
724.1676942046856,0.9794871794871794,1223.0,25.0
724.4636251541307,0.9794871794871794,1224.0,25.0
724.7595561035758,0.9802197802197802,1225.0,24.0
725.0554870530209,0.9802197802197802,1226.0,24.0
725.3514180024661,0.9805860805860805,1227.0,23.5
725.6473489519112,0.9809523809523809,1228.0,23.0
725.9432799013564,0.9813186813186813,1229.0,22.5
726.2392108508016,0.9813186813186813,1230.0,22.5
726.5351418002466,0.9816849816849816,1231.0,22.0
726.8310727496917,0.982051282051282,1232.0,21.5
727.1270036991368,0.982051282051282,1233.0,21.5
727.422934648582,0.982051282051282,1234.0,21.5
727.7188655980272,0.9827838827838827,1235.0,20.5
728.0147965474723,0.9827838827838827,1236.0,20.5
728.3107274969174,0.9827838827838827,1237.0,20.5
728.6066584463625,0.9827838827838827,1238.0,20.5
728.9025893958076,0.9827838827838827,1239.0,20.5
729.1985203452527,0.9827838827838827,1240.0,20.5
729.4944512946979,0.9827838827838827,1241.0,20.5
729.7903822441431,0.9831501831501831,1242.0,20.0
730.0863131935882,0.9831501831501831,1243.0,20.0
730.3822441430333,0.9831501831501831,1244.0,20.0
730.6781750924783,0.9831501831501831,1245.0,20.0
730.9741060419235,0.9827838827838827,1246.0,20.5
731.2700369913687,0.9827838827838827,1247.0,20.5
731.5659679408138,0.9827838827838827,1248.0,20.5
731.861898890259,0.9827838827838827,1249.0,20.5
732.157829839704,0.9827838827838827,1250.0,20.5
732.4537607891492,0.9827838827838827,1251.0,20.5
732.7496917385943,0.9827838827838827,1252.0,20.5
733.0456226880394,0.9824175824175824,1253.0,21.0
733.3415536374846,0.982051282051282,1254.0,21.5
733.6374845869298,0.982051282051282,1255.0,21.5
733.9334155363749,0.9816849816849816,1256.0,22.0
734.22934648582,0.9813186813186813,1257.0,22.5
734.525277435265,0.9813186813186813,1258.0,22.5
734.8212083847102,0.9809523809523809,1259.0,23.0
735.1171393341554,0.9805860805860805,1260.0,23.5
735.4130702836005,0.9802197802197802,1261.0,24.0
735.7090012330457,0.9802197802197802,1262.0,24.0
736.0049321824907,0.9794871794871794,1263.0,25.0
736.3008631319359,0.9794871794871794,1264.0,25.0
736.596794081381,0.9787545787545787,1265.0,26.0
736.8927250308261,0.9787545787545787,1266.0,26.0
737.1886559802713,0.978021978021978,1267.0,27.0
737.4845869297164,0.978021978021978,1268.0,27.0
737.7805178791616,0.9776556776556776,1269.0,27.5
738.0764488286067,0.9769230769230769,1270.0,28.5
738.3723797780517,0.9761904761904762,1271.0,29.5
738.6683107274969,0.9758241758241758,1272.0,30.0
738.964241676942,0.9754578754578754,1273.0,30.5
739.2601726263872,0.9750915750915751,1274.0,31.0
739.5561035758324,0.9743589743589743,1275.0,32.0
739.8520345252774,0.9736263736263736,1276.0,33.0
740.1479654747226,0.9728937728937729,1277.0,34.0
740.4438964241676,0.9725274725274725,1278.0,34.5
740.7398273736128,0.9721611721611721,1279.0,35.0
741.035758323058,0.9714285714285714,1280.0,36.0
741.3316892725031,0.971062271062271,1281.0,36.5
741.6276202219483,0.9703296703296703,1282.0,37.5
741.9235511713933,0.9695970695970696,1283.0,38.5
742.2194821208384,0.9688644688644689,1284.0,39.5
742.5154130702836,0.9681318681318681,1285.0,40.5
742.8113440197287,0.9673992673992674,1286.0,41.5
743.1072749691739,0.9663003663003663,1287.0,43.0
743.403205918619,0.9655677655677656,1288.0,44.0
743.6991368680641,0.9648351648351648,1289.0,45.0
743.9950678175093,0.9641025641025641,1290.0,46.0
744.2909987669543,0.9637362637362638,1291.0,46.5
744.5869297163995,0.963003663003663,1292.0,47.5
744.8828606658446,0.9619047619047619,1293.0,49.0
745.1787916152898,0.9611721611721612,1294.0,50.0
745.474722564735,0.9604395604395605,1295.0,51.0
745.77065351418,0.9593406593406594,1296.0,52.5
746.0665844636251,0.9586080586080586,1297.0,53.5
746.3625154130702,0.9575091575091575,1298.0,55.0
746.6584463625154,0.9567765567765568,1299.0,56.0
746.9543773119606,0.9560439560439561,1300.0,57.0
747.2503082614057,0.954945054945055,1301.0,58.5
747.5462392108508,0.9538461538461539,1302.0,60.0
747.842170160296,0.9527472527472527,1303.0,61.5
748.138101109741,0.952014652014652,1304.0,62.5
748.4340320591862,0.9509157509157509,1305.0,64.0
748.7299630086313,0.9498168498168498,1306.0,65.5
749.0258939580765,0.9487179487179487,1307.0,67.0
749.3218249075217,0.947985347985348,1308.0,68.0
749.6177558569667,0.9468864468864469,1309.0,69.5
749.9136868064118,0.9457875457875458,1310.0,71.0
750.2096177558569,0.9446886446886447,1311.0,72.5
750.5055487053021,0.9435897435897436,1312.0,74.0
750.8014796547473,0.9424908424908425,1313.0,75.5
751.0974106041924,0.9413919413919414,1314.0,77.0
751.3933415536375,0.9402930402930403,1315.0,78.5
751.6892725030826,0.9388278388278388,1316.0,80.5
751.9852034525277,0.9380952380952381,1317.0,81.5
752.2811344019728,0.9366300366300366,1318.0,83.5
752.577065351418,0.9355311355311355,1319.0,85.0
752.8729963008632,0.9340659340659341,1320.0,87.0
753.1689272503083,0.9333333333333333,1321.0,88.0
753.4648581997534,0.9318681318681319,1322.0,90.0
753.7607891491984,0.9304029304029304,1323.0,92.0
754.0567200986436,0.9293040293040293,1324.0,93.5
754.3526510480888,0.9282051282051282,1325.0,95.0
754.6485819975339,0.9271062271062271,1326.0,96.5
754.9445129469791,0.9256410256410257,1327.0,98.5
755.2404438964242,0.9245421245421246,1328.0,100.0
755.5363748458693,0.9230769230769231,1329.0,102.0
755.8323057953144,0.9216117216117216,1330.0,104.0
756.1282367447595,0.9201465201465201,1331.0,106.0
756.4241676942047,0.919047619047619,1332.0,107.5
756.7200986436499,0.9179487179487179,1333.0,109.0
757.016029593095,0.9161172161172161,1334.0,111.5
757.3119605425401,0.915018315018315,1335.0,113.0
757.6078914919851,0.9135531135531135,1336.0,115.0
757.9038224414303,0.9120879120879121,1337.0,117.0
758.1997533908755,0.910989010989011,1338.0,118.5
758.4956843403206,0.9095238095238095,1339.0,120.5
758.7916152897658,0.908058608058608,1340.0,122.5
759.0875462392108,0.9062271062271062,1341.0,125.0
759.383477188656,0.9051282051282051,1342.0,126.5
759.679408138101,0.9032967032967033,1343.0,129.0
759.9753390875462,0.9018315018315018,1344.0,131.0
760.2712700369914,0.9003663003663004,1345.0,133.0
760.5672009864365,0.8989010989010989,1346.0,135.0
760.8631319358817,0.8974358974358975,1347.0,137.0
761.1590628853268,0.895970695970696,1348.0,139.0
761.4549938347718,0.8945054945054945,1349.0,141.0
761.750924784217,0.8926739926739927,1350.0,143.5
762.0468557336621,0.8915750915750916,1351.0,145.0
762.3427866831073,0.8897435897435897,1352.0,147.5
762.6387176325525,0.8882783882783882,1353.0,149.5
762.9346485819975,0.8864468864468864,1354.0,152.0
763.2305795314427,0.884981684981685,1355.0,154.0
763.5265104808877,0.8835164835164835,1356.0,156.0
763.8224414303329,0.8816849816849817,1357.0,158.5
764.1183723797781,0.8798534798534798,1358.0,161.0
764.4143033292232,0.8783882783882784,1359.0,163.0
764.7102342786684,0.8769230769230769,1360.0,165.0
765.0061652281134,0.8750915750915751,1361.0,167.5
765.3020961775585,0.8732600732600733,1362.0,170.0
765.5980271270037,0.8717948717948718,1363.0,172.0
765.8939580764488,0.86996336996337,1364.0,174.5
766.189889025894,0.8684981684981685,1365.0,176.5
766.4858199753392,0.8670329670329671,1366.0,178.5
766.7817509247842,0.8648351648351649,1367.0,181.5
767.0776818742294,0.8633699633699634,1368.0,183.5
767.3736128236744,0.861904761904762,1369.0,185.5
767.6695437731196,0.8597069597069598,1370.0,188.5
767.9654747225647,0.8578754578754578,1371.0,191.0
768.2614056720099,0.8564102564102564,1372.0,193.0
768.5573366214551,0.8545787545787545,1373.0,195.5
768.8532675709001,0.8527472527472527,1374.0,198.0
769.1491985203452,0.8512820512820513,1375.0,200.0
769.4451294697903,0.8490842490842491,1376.0,203.0
769.7410604192355,0.8476190476190476,1377.0,205.0
770.0369913686807,0.8457875457875458,1378.0,207.5
770.3329223181258,0.843956043956044,1379.0,210.0
770.6288532675709,0.8421245421245421,1380.0,212.5
770.924784217016,0.8402930402930403,1381.0,215.0
771.2207151664611,0.8384615384615385,1382.0,217.5
771.5166461159063,0.836996336996337,1383.0,219.5
771.8125770653514,0.8347985347985348,1384.0,222.5
772.1085080147966,0.832967032967033,1385.0,225.0
772.4044389642416,0.8311355311355312,1386.0,227.5
772.7003699136868,0.8293040293040294,1387.0,230.0
772.9963008631319,0.8274725274725274,1388.0,232.5
773.292231812577,0.8252747252747252,1389.0,235.5
773.5881627620222,0.8234432234432234,1390.0,238.0
773.8840937114674,0.8216117216117216,1391.0,240.5
774.1800246609125,0.8197802197802198,1392.0,243.0
774.4759556103576,0.8179487179487179,1393.0,245.5
774.7718865598027,0.8161172161172161,1394.0,248.0
775.0678175092478,0.8139194139194139,1395.0,251.0
775.363748458693,0.8120879120879121,1396.0,253.5
775.6596794081381,0.8102564102564103,1397.0,256.0
775.9556103575833,0.8084249084249084,1398.0,258.5
776.2515413070283,0.8062271062271062,1399.0,261.5
776.5474722564735,0.8043956043956044,1400.0,264.0
776.8434032059185,0.8018315018315019,1401.0,267.5
777.1393341553637,0.8003663003663004,1402.0,269.5
777.4352651048089,0.7981684981684982,1403.0,272.5
777.731196054254,0.7970695970695971,1404.0,274.0
778.0271270036992,0.7945054945054945,1405.0,277.5
778.3230579531443,0.7923076923076923,1406.0,280.5
778.6189889025894,0.7904761904761904,1407.0,283.0
778.9149198520345,0.7886446886446886,1408.0,285.5
779.2108508014796,0.7864468864468864,1409.0,288.5
779.5067817509248,0.7846153846153846,1410.0,291.0
779.80271270037,0.7824175824175824,1411.0,294.0
780.098643649815,0.7805860805860806,1412.0,296.5
780.3945745992602,0.7787545787545788,1413.0,299.0
780.6905055487052,0.7761904761904762,1414.0,302.5
780.9864364981504,0.7743589743589744,1415.0,305.0
781.2823674475956,0.7725274725274726,1416.0,307.5
781.5782983970407,0.7703296703296704,1417.0,310.5
781.8742293464859,0.7684981684981685,1418.0,313.0
782.1701602959309,0.7663003663003664,1419.0,316.0
782.4660912453761,0.764102564102564,1420.0,319.0
782.7620221948212,0.7626373626373626,1421.0,321.0
783.0579531442663,0.7604395604395604,1422.0,324.0
783.3538840937115,0.7582417582417582,1423.0,327.0
783.6498150431567,0.7564102564102564,1424.0,329.5
783.9457459926017,0.7542124542124542,1425.0,332.5
784.2416769420469,0.752014652014652,1426.0,335.5
784.5376078914919,0.7498168498168498,1427.0,338.5
784.8335388409371,0.747985347985348,1428.0,341.0
785.1294697903822,0.7457875457875458,1429.0,344.0
785.4254007398274,0.743956043956044,1430.0,346.5
785.7213316892726,0.7417582417582418,1431.0,349.5
786.0172626387176,0.73992673992674,1432.0,352.0
786.3131935881628,0.7373626373626374,1433.0,355.5
786.6091245376078,0.7355311355311356,1434.0,358.0
786.905055487053,0.7336996336996336,1435.0,360.5
787.2009864364982,0.7315018315018315,1436.0,363.5
787.4969173859433,0.7293040293040293,1437.0,366.5
787.7928483353884,0.7271062271062271,1438.0,369.5
788.0887792848335,0.7249084249084249,1439.0,372.5
788.3847102342786,0.7230769230769231,1440.0,375.0
788.6806411837238,0.7208791208791209,1441.0,378.0
788.9765721331689,0.719047619047619,1442.0,380.5
789.2725030826141,0.7168498168498169,1443.0,383.5
789.5684340320593,0.7146520146520147,1444.0,386.5
789.8643649815043,0.7124542124542125,1445.0,389.5
790.1602959309494,0.7102564102564103,1446.0,392.5
790.4562268803945,0.7084249084249085,1447.0,395.0
790.7521578298397,0.7058608058608059,1448.0,398.5
791.0480887792849,0.7036630036630037,1449.0,401.5
791.34401972873,0.7018315018315018,1450.0,404.0
791.6399506781751,0.6996336996336996,1451.0,407.0
791.9358816276202,0.6978021978021978,1452.0,409.5
792.2318125770653,0.6952380952380952,1453.0,413.0
792.5277435265104,0.6934065934065934,1454.0,415.5
792.8236744759556,0.6912087912087912,1455.0,418.5
793.1196054254008,0.689010989010989,1456.0,421.5
793.4155363748459,0.6868131868131868,1457.0,424.5
793.711467324291,0.6846153846153846,1458.0,427.5
794.007398273736,0.6824175824175824,1459.0,430.5
794.3033292231812,0.6805860805860806,1460.0,433.0
794.5992601726264,0.6783882783882784,1461.0,436.0
794.8951911220715,0.6761904761904762,1462.0,439.0
795.1911220715167,0.673992673992674,1463.0,442.0
795.4870530209618,0.6721611721611722,1464.0,444.5
795.7829839704069,0.6699633699633699,1465.0,447.5
796.078914919852,0.6677655677655677,1466.0,450.5
796.3748458692971,0.6655677655677655,1467.0,453.5
796.6707768187423,0.6633699633699633,1468.0,456.5
796.9667077681875,0.6611721611721612,1469.0,459.5
797.2626387176326,0.6593406593406593,1470.0,462.0
797.5585696670777,0.6571428571428571,1471.0,465.0
797.8545006165227,0.654945054945055,1472.0,468.0
798.1504315659679,0.6527472527472528,1473.0,471.0
798.446362515413,0.6505494505494506,1474.0,474.0
798.7422934648582,0.6487179487179487,1475.0,476.5
799.0382244143034,0.6461538461538462,1476.0,480.0
799.3341553637484,0.643956043956044,1477.0,483.0
799.6300863131936,0.6421245421245422,1478.0,485.5
799.9260172626387,0.6399267399267399,1479.0,488.5
800.2219482120838,0.6377289377289377,1480.0,491.5
800.517879161529,0.6355311355311355,1481.0,494.5
800.8138101109741,0.6333333333333333,1482.0,497.5
801.1097410604193,0.6315018315018315,1483.0,500.0
801.4056720098644,0.6293040293040293,1484.0,503.0
801.7016029593094,0.6267399267399267,1485.0,506.5
801.9975339087546,0.6249084249084249,1486.0,509.0
802.2934648581997,0.6227106227106227,1487.0,512.0
802.5893958076449,0.6208791208791209,1488.0,514.5
802.8853267570901,0.6183150183150183,1489.0,518.0
803.1812577065351,0.6164835164835165,1490.0,520.5
803.4771886559803,0.6142857142857143,1491.0,523.5
803.7731196054253,0.6120879120879121,1492.0,526.5
804.0690505548705,0.6098901098901099,1493.0,529.5
804.3649815043157,0.6076923076923076,1494.0,532.5
804.6609124537608,0.6054945054945055,1495.0,535.5
804.956843403206,0.6036630036630036,1496.0,538.0
805.252774352651,0.6014652014652014,1497.0,541.0
805.5487053020961,0.5992673992673992,1498.0,544.0
805.8446362515413,0.5970695970695971,1499.0,547.0
806.1405672009864,0.5948717948717949,1500.0,550.0
806.4364981504316,0.593040293040293,1501.0,552.5
806.7324290998768,0.5908424908424909,1502.0,555.5
807.0283600493218,0.5886446886446887,1503.0,558.5
807.324290998767,0.5864468864468865,1504.0,561.5
807.620221948212,0.5842490842490843,1505.0,564.5
807.9161528976572,0.5820512820512821,1506.0,567.5
808.2120838471023,0.5802197802197803,1507.0,570.0
808.5080147965475,0.5783882783882784,1508.0,572.5
808.8039457459927,0.5761904761904761,1509.0,575.5
809.0998766954377,0.573992673992674,1510.0,578.5
809.3958076448828,0.5717948717948718,1511.0,581.5
809.691738594328,0.5695970695970696,1512.0,584.5
809.9876695437731,0.5673992673992674,1513.0,587.5
810.2836004932183,0.5652014652014652,1514.0,590.5
810.5795314426634,0.5633699633699634,1515.0,593.0
810.8754623921085,0.5615384615384615,1516.0,595.5
811.1713933415537,0.5593406593406594,1517.0,598.5
811.4673242909987,0.5571428571428572,1518.0,601.5
811.7632552404439,0.554945054945055,1519.0,604.5
812.059186189889,0.5527472527472528,1520.0,607.5
812.3551171393342,0.550915750915751,1521.0,610.0
812.6510480887794,0.5487179487179488,1522.0,613.0
812.9469790382244,0.5468864468864469,1523.0,615.5
813.2429099876695,0.5446886446886446,1524.0,618.5
813.5388409371146,0.5424908424908425,1525.0,621.5
813.8347718865598,0.5402930402930403,1526.0,624.5
814.130702836005,0.5384615384615384,1527.0,627.0
814.4266337854501,0.5362637362637362,1528.0,630.0
814.7225647348952,0.5340659340659341,1529.0,633.0
815.0184956843403,0.5322344322344322,1530.0,635.5
815.3144266337854,0.5304029304029304,1531.0,638.0
815.6103575832306,0.5282051282051282,1532.0,641.0
815.9062885326757,0.526007326007326,1533.0,644.0
816.2022194821209,0.5241758241758242,1534.0,646.5
816.498150431566,0.521978021978022,1535.0,649.5
816.7940813810111,0.5201465201465202,1536.0,652.0
817.0900123304561,0.517948717948718,1537.0,655.0
817.3859432799013,0.5157509157509158,1538.0,658.0
817.6818742293465,0.5139194139194139,1539.0,660.5
817.9778051787916,0.512087912087912,1540.0,663.0
818.2737361282368,0.5098901098901099,1541.0,666.0
818.5696670776819,0.5076923076923077,1542.0,669.0
818.865598027127,0.5054945054945055,1543.0,672.0
819.1615289765721,0.5036630036630036,1544.0,674.5
819.4574599260172,0.5018315018315018,1545.0,677.0
819.7533908754624,0.49963369963369964,1546.0,680.0
820.0493218249076,0.4978021978021978,1547.0,682.5
820.3452527743527,0.4956043956043956,1548.0,685.5
820.6411837237978,0.4945054945054945,1549.0,687.0
820.9371146732428,0.49157509157509155,1550.0,691.0
821.233045622688,0.4897435897435897,1551.0,693.5
821.5289765721332,0.48754578754578753,1552.0,696.5
821.8249075215783,0.48534798534798534,1553.0,699.5
822.1208384710235,0.4838827838827839,1554.0,701.5
822.4167694204685,0.4816849816849817,1555.0,704.5
822.7127003699137,0.47985347985347987,1556.0,707.0
823.0086313193588,0.4776556776556777,1557.0,710.0
823.3045622688039,0.47619047619047616,1558.0,712.0
823.6004932182491,0.473992673992674,1559.0,715.0
823.8964241676942,0.47216117216117215,1560.0,717.5
824.1923551171394,0.46996336996336996,1561.0,720.5
824.4882860665845,0.46813186813186813,1562.0,723.0
824.7842170160295,0.4663003663003663,1563.0,725.5
825.0801479654747,0.4644688644688645,1564.0,728.0
825.3760789149198,0.4622710622710623,1565.0,731.0
825.672009864365,0.4604395604395604,1566.0,733.5
825.9679408138102,0.4586080586080586,1567.0,736.0
826.2638717632552,0.4564102564102564,1568.0,739.0
826.5598027127004,0.45494505494505494,1569.0,741.0
826.8557336621454,0.45274725274725275,1570.0,744.0
827.1516646115906,0.4509157509157509,1571.0,746.5
827.4475955610358,0.4490842490842491,1572.0,749.0
827.7435265104809,0.4468864468864469,1573.0,752.0
828.0394574599261,0.44542124542124545,1574.0,754.0
828.3353884093711,0.4432234432234432,1575.0,757.0
828.6313193588162,0.44175824175824174,1576.0,759.0
828.9272503082614,0.43956043956043955,1577.0,762.0
829.2231812577065,0.43772893772893773,1578.0,764.5
829.5191122071517,0.4358974358974359,1579.0,767.0
829.8150431565969,0.4336996336996337,1580.0,770.0
830.1109741060419,0.4318681318681319,1581.0,772.5
830.4069050554871,0.43003663003663006,1582.0,775.0
830.7028360049321,0.42857142857142855,1583.0,777.0
830.9987669543773,0.4267399267399267,1584.0,779.5
831.2946979038225,0.42417582417582417,1585.0,783.0
831.5906288532676,0.4227106227106227,1586.0,785.0
831.8865598027128,0.4208791208791209,1587.0,787.5
832.1824907521578,0.41904761904761906,1588.0,790.0
832.4784217016029,0.41721611721611723,1589.0,792.5
832.774352651048,0.4153846153846154,1590.0,795.0
833.0702836004932,0.4135531135531135,1591.0,797.5
833.3662145499384,0.4117216117216117,1592.0,800.0
833.6621454993835,0.4098901098901099,1593.0,802.5
833.9580764488286,0.40805860805860805,1594.0,805.0
834.2540073982738,0.4065934065934066,1595.0,807.0
834.5499383477188,0.40476190476190477,1596.0,809.5
834.845869297164,0.40293040293040294,1597.0,812.0
835.1418002466091,0.40073260073260075,1598.0,815.0
835.4377311960543,0.3992673992673993,1599.0,817.0
835.7336621454995,0.3978021978021978,1600.0,819.0
836.0295930949445,0.3956043956043956,1601.0,822.0
836.3255240443896,0.3941391941391941,1602.0,824.0
836.6214549938347,0.39194139194139194,1603.0,827.0
836.9173859432799,0.3904761904761905,1604.0,829.0
837.2133168927251,0.38864468864468865,1605.0,831.5
837.5092478421702,0.3868131868131868,1606.0,834.0
837.8051787916153,0.384981684981685,1607.0,836.5
838.1011097410604,0.38351648351648354,1608.0,838.5
838.3970406905055,0.38168498168498166,1609.0,841.0
838.6929716399507,0.37985347985347984,1610.0,843.5
838.9889025893958,0.3783882783882784,1611.0,845.5
839.284833538841,0.37655677655677655,1612.0,848.0
839.5807644882861,0.3747252747252747,1613.0,850.5
839.8766954377312,0.37326007326007327,1614.0,852.5
840.1726263871763,0.3710622710622711,1615.0,855.5
840.4685573366214,0.3695970695970696,1616.0,857.5
840.7644882860666,0.36813186813186816,1617.0,859.5
841.0604192355117,0.3663003663003663,1618.0,862.0
841.3563501849569,0.36446886446886445,1619.0,864.5
841.652281134402,0.363003663003663,1620.0,866.5
841.9482120838471,0.36117216117216117,1621.0,869.0
842.2441430332922,0.3597069597069597,1622.0,871.0
842.5400739827373,0.3578754578754579,1623.0,873.5
842.8360049321825,0.35604395604395606,1624.0,876.0
843.1319358816277,0.3545787545787546,1625.0,878.0
843.4278668310728,0.35274725274725277,1626.0,880.5
843.7237977805179,0.3516483516483517,1627.0,882.0
844.0197287299629,0.34945054945054943,1628.0,885.0
844.3156596794081,0.34798534798534797,1629.0,887.0
844.6115906288533,0.3465201465201465,1630.0,889.0
844.9075215782984,0.3446886446886447,1631.0,891.5
845.2034525277436,0.34285714285714286,1632.0,894.0
845.4993834771886,0.3413919413919414,1633.0,896.0
845.7953144266338,0.33992673992673994,1634.0,898.0
846.0912453760789,0.3384615384615385,1635.0,900.0
846.387176325524,0.336996336996337,1636.0,902.0
846.6831072749692,0.33516483516483514,1637.0,904.5
846.9790382244144,0.3336996336996337,1638.0,906.5
847.2749691738595,0.33186813186813185,1639.0,909.0
847.5709001233046,0.33076923076923076,1640.0,910.5
847.8668310727496,0.32857142857142857,1641.0,913.5
848.1627620221948,0.3271062271062271,1642.0,915.5
848.45869297164,0.32564102564102565,1643.0,917.5
848.7546239210851,0.3241758241758242,1644.0,919.5
849.0505548705303,0.32271062271062273,1645.0,921.5
849.3464858199753,0.32124542124542127,1646.0,923.5
849.6424167694205,0.3194139194139194,1647.0,926.0
849.9383477188655,0.31794871794871793,1648.0,928.0
850.2342786683107,0.31648351648351647,1649.0,930.0
850.5302096177559,0.315018315018315,1650.0,932.0
850.826140567201,0.31355311355311355,1651.0,934.0
851.1220715166461,0.3117216117216117,1652.0,936.5
851.4180024660913,0.31025641025641026,1653.0,938.5
851.7139334155363,0.30915750915750917,1654.0,940.0
852.0098643649815,0.30732600732600734,1655.0,942.5
852.3057953144266,0.3058608058608059,1656.0,944.5
852.6017262638718,0.30439560439560437,1657.0,946.5
852.897657213317,0.3029304029304029,1658.0,948.5
853.193588162762,0.3010989010989011,1659.0,951.0
853.4895191122072,0.3,1660.0,952.5
853.7854500616522,0.29853479853479853,1661.0,954.5
854.0813810110974,0.29706959706959707,1662.0,956.5
854.3773119605426,0.2956043956043956,1663.0,958.5
854.6732429099877,0.29413919413919415,1664.0,960.5
854.9691738594328,0.2926739926739927,1665.0,962.5
855.2651048088779,0.29120879120879123,1666.0,964.5
855.561035758323,0.28974358974358977,1667.0,966.5
855.8569667077682,0.28827838827838825,1668.0,968.5
856.1528976572133,0.2868131868131868,1669.0,970.5
856.4488286066585,0.28534798534798533,1670.0,972.5
856.7447595561036,0.2838827838827839,1671.0,974.5
857.0406905055487,0.2824175824175824,1672.0,976.5
857.3366214549939,0.2813186813186813,1673.0,978.0
857.6325524044389,0.27985347985347986,1674.0,980.0
857.9284833538841,0.2783882783882784,1675.0,982.0
858.2244143033292,0.27692307692307694,1676.0,984.0
858.5203452527744,0.2754578754578755,1677.0,986.0
858.8162762022195,0.273992673992674,1678.0,988.0
859.1122071516646,0.27289377289377287,1679.0,989.5
859.4081381011097,0.2717948717948718,1680.0,991.0
859.7040690505548,0.2703296703296703,1681.0,993.0
860.0,0.26886446886446885,1682.0,995.0
860.2959309494452,0.2673992673992674,1683.0,997.0
860.5918618988903,0.26593406593406593,1684.0,999.0
860.8877928483354,0.2644688644688645,1685.0,1001.0
861.1837237977805,0.2633699633699634,1686.0,1002.5
861.4796547472256,0.2619047619047619,1687.0,1004.5
861.7755856966708,0.2608058608058608,1688.0,1006.0
862.0715166461159,0.258974358974359,1689.0,1008.5
862.3674475955611,0.25824175824175827,1690.0,1009.5
862.6633785450061,0.25677655677655675,1691.0,1011.5
862.9593094944513,0.2553113553113553,1692.0,1013.5
863.2552404438964,0.2542124542124542,1693.0,1015.0
863.5511713933415,0.2531135531135531,1694.0,1016.5
863.8471023427867,0.25164835164835164,1695.0,1018.5
864.1430332922318,0.2501831501831502,1696.0,1020.5
864.438964241677,0.24871794871794872,1697.0,1022.5
864.7348951911221,0.247985347985348,1698.0,1023.5
865.0308261405672,0.24652014652014653,1699.0,1025.5
865.3267570900123,0.24505494505494504,1700.0,1027.5
865.6226880394574,0.24358974358974358,1701.0,1029.5
865.9186189889026,0.24285714285714285,1702.0,1030.5
866.2145499383478,0.24285714285714285,1703.0,1030.5
866.5104808877928,0.24285714285714285,1704.0,1030.5
866.806411837238,0.24285714285714285,1705.0,1030.5
867.102342786683,0.24285714285714285,1706.0,1030.5
867.3982737361282,0.24285714285714285,1707.0,1030.5
867.6942046855734,0.24285714285714285,1708.0,1030.5
867.9901356350185,0.24285714285714285,1709.0,1030.5
868.2860665844637,0.24285714285714285,1710.0,1030.5
868.5819975339087,0.24285714285714285,1711.0,1030.5
868.8779284833539,0.24285714285714285,1712.0,1030.5
